date,time,numSatellites,fix,latitude,longitude,altitude,usec,speed_ms,heading,pdop,hdop,vdop
2000-01-02,00:00:03,4,False,,,,0,,,,,
2000-01-02,00:00:04,4,False,,,,0,,,,,
2000-01-02,00:00:05,5,False,,,,0,,,,,
2000-01-02,00:00:06,6,False,,,,0,,,,,
2000-01-02,00:00:07,6,False,,,,0,,,,,
2000-01-02,00:00:08,6,False,,,,0,,,,,
2000-01-02,00:00:09,6,False,,,,0,,,,,
2000-01-02,00:00:10,6,False,,,,0,,,,,
2000-01-02,07:16:05,6,False,,,,530000,,,,,
2000-01-02,07:16:07,6,False,,,,0,,,,,
2000-01-02,07:16:08,6,False,,,,0,,,,,
2000-01-02,07:16:09,7,False,,,,0,,,,,
2000-01-02,07:16:10,8,False,,,,0,,,,,
2000-01-02,07:16:11,8,False,,,,0,,,,,
2000-01-02,07:16:12,8,False,,,,0,,,,,
2000-01-02,07:16:13,7,False,,,,0,,,,,
2026-08-09,07:16:14,7,False,,,,0,,,,,
2026-08-09,07:16:15,7,False,,,,0,,,,,
2026-08-09,07:16:16,13,False,,,,0,,,,,
2026-08-09,07:16:17,13,False,,,,0,,,,,
2026-08-09,07:16:18,17,False,,,,0,,,,,
2026-08-09,07:16:19,17,False,,,,0,,,,,
2026-08-09,07:16:20,16,False,,,,0,,,,,
2026-08-09,07:16:21,16,False,,,,0,,,,,
2026-08-09,07:16:22,17,False,,,,0,,,,,
2026-08-09,07:16:23,19,False,,,,0,,,,,
2026-08-09,07:16:24,19,False,,,,0,,,,,
2026-08-09,07:16:25,19,False,,,,0,,,,,
2026-08-09,07:16:26,19,False,,,,0,,,,,
2026-08-09,07:16:27,20,False,,,,0,,,,,
2026-08-09,07:16:28,19,False,,,,0,,,,,
2026-08-09,07:16:29,20,False,,,,0,,,,,
2026-08-09,07:16:30,19,False,,,,0,,,,,
2026-08-09,07:16:31,19,False,,,,0,,,,,
2026-08-09,07:16:32,19,False,,,,0,,,,,
2026-08-09,07:16:33,19,False,,,,0,,,,,
2026-08-09,07:16:34,19,False,,,,0,,,,,
2026-08-09,07:16:35,19,False,,,,0,,,,,
2026-08-09,07:16:36,21,False,,,,0,,,,,
2026-08-09,07:16:37,21,False,,,,0,,,,,
2026-08-09,07:16:38,24,False,,,,0,,,,,
2026-08-09,07:16:39,23,False,,,,0,,,,,
2026-08-09,07:16:40,23,False,,,,0,,,,,
2026-08-09,07:16:41,24,False,,,,0,,,,,
2026-08-09,07:16:42,24,False,,,,0,,,,,
2026-08-09,07:16:43,24,False,,,,0,,,,,
2026-08-09,07:16:44,24,False,,,,0,,,,,
2026-08-09,07:16:45,24,False,,,,0,,,,,
2026-08-09,07:16:46,24,False,,,,0,,,,,
2026-08-09,07:16:47,24,False,,,,0,,,,,
2026-08-09,07:16:48,24,False,,,,0,,,,,
2026-08-09,07:16:49,24,True,7.0081741,100.5026983,19.57,360000,0.2,0,2.5,1.2,2.2
2026-08-09,07:16:51,24,True,7.008168,100.5026955,19.8,0,0.2,0,2.5,1.2,2.2
2026-08-09,07:16:52,24,True,7.0081879,100.502674,19.77,0,0,0,2.5,1.2,2.2
2026-08-09,07:16:53,24,True,7.0081885,100.5026723,19.77,0,0.3,0,2.5,1.2,2.2
2026-08-09,07:16:54,24,True,7.008186,100.5026728,19.8,0,0.4,0,2.4,1.2,2.1
2026-08-09,07:16:55,24,True,7.0081848,100.5026753,19.85,0,0.7,85.1,2.3,1.1,2.1
2026-08-09,07:16:56,24,True,7.0081831,100.5026772,19.91,0,0.7,85.1,2.3,1.1,2.1
2026-08-09,07:16:57,24,True,7.0081783,100.5026781,20,0,1.1,125.9,2.3,1.1,2.1
2026-08-09,07:16:58,24,True,7.0081738,100.5026809,20.11,0,1.1,98.8,2.3,1.1,2.1
2026-08-09,07:16:59,24,True,7.0081706,100.5026848,20.23,0,1.1,82.9,2.3,1.1,2.1
2026-08-09,07:17:00,24,True,7.0081715,100.5026931,20.33,0,1.6,90.4,2.3,1.1,2.1
2026-08-09,07:17:01,24,True,7.0081726,100.5027027,20.49,0,2.8,99.6,2.3,1.1,2.1
2026-08-09,07:17:02,24,True,7.0081726,100.5027118,20.63,0,3.5,101.1,2.3,1.1,2.1
2026-08-09,07:17:03,24,True,7.0081731,100.5027182,20.77,0,2.7,96.1,2.3,1.1,2.1
2026-08-09,07:17:04,24,True,7.0081731,100.5027246,20.91,0,2.1,86.3,2.3,1.1,2.1
2026-08-09,07:17:05,24,True,7.0081714,100.5027318,21.05,0,2.8,88.8,2.3,1.1,2.1
2026-08-09,07:17:06,24,True,7.0081702,100.5027413,21.17,0,2.7,88.2,2.3,1.1,2.1
2026-08-09,07:17:07,24,True,7.0081691,100.5027508,21.27,0,2.8,95.2,2.3,1.1,2.1
2026-08-09,07:17:08,24,True,7.0081688,100.5027605,21.37,0,3.1,86.3,2.3,1.1,2.1
2026-08-09,07:17:09,24,True,7.0081663,100.5027702,21.45,0,3.1,99.9,2.3,1.1,2.1
2026-08-09,07:17:10,24,True,7.0081645,100.502781,21.5,0,3.2,95.8,2.3,1.1,2.1
2026-08-09,07:17:11,24,True,7.0081638,100.5027906,21.52,0,3.2,85.2,2.3,1.1,2.1
2026-08-09,07:17:12,24,True,7.0081621,100.5027987,21.5,0,3.1,92.5,2.3,1.1,2.1
2026-08-09,07:17:13,24,True,7.0081599,100.5028058,21.45,0,3.3,102.8,2.3,1.1,2.1
2026-08-09,07:17:14,24,True,7.0081595,100.5028138,21.42,0,3.4,93.4,2.3,1.1,2.1
2026-08-09,07:17:15,24,True,7.0081583,100.5028232,21.41,0,3.6,97,2.3,1.1,2.1
2026-08-09,07:17:16,24,True,7.0081592,100.5028321,21.41,0,3.7,79.6,2.3,1.1,2.1
2026-08-09,07:17:17,24,True,7.0081597,100.5028433,21.41,0,3.7,84.9,2.3,1.1,2.1
2026-08-09,07:17:18,24,True,7.0081595,100.5028527,21.39,0,3.9,89.4,2.3,1.1,2.1
2026-08-09,07:17:19,24,True,7.0081581,100.5028618,21.38,0,3.9,95.7,2.3,1.1,2.1
2026-08-09,07:17:20,24,True,7.0081589,100.5028697,21.36,0,3.9,90.2,2.3,1.1,2.1
2026-08-09,07:17:21,24,True,7.0081585,100.50288,21.35,0,3.9,91.7,2.3,1.1,2.1
2026-08-09,07:17:22,24,True,7.0081584,100.5028905,21.33,0,4.2,88.4,2.3,1.1,2.1
2026-08-09,07:17:23,24,True,7.0081567,100.5029012,21.35,0,4.2,93.7,2.3,1.1,2.1
2026-08-09,07:17:24,24,True,7.0081547,100.5029109,21.37,0,4.2,93.4,2.3,1.1,2.1
2026-08-09,07:17:25,24,True,7.0081538,100.5029216,21.39,0,4.2,92.9,2.3,1.1,2.1
2026-08-09,07:17:26,24,True,7.0081538,100.5029319,21.42,0,4.2,89.7,2.3,1.1,2.1
2026-08-09,07:17:27,24,True,7.0081535,100.5029423,21.46,0,4.2,92.9,2.3,1.1,2.1
2026-08-09,07:17:28,24,True,7.0081541,100.502952,21.52,0,4.1,89.8,2.3,1.1,2.1
2026-08-09,07:17:29,24,True,7.0081547,100.5029615,21.6,0,4.2,90.7,2.3,1.1,2.1
2026-08-09,07:17:30,24,True,7.0081539,100.5029697,21.69,0,4.3,96.9,2.2,1,1.9
2026-08-09,07:17:31,24,True,7.0081529,100.5029803,21.79,0,4.2,94.1,2.2,1,1.9
2026-08-09,07:17:32,24,True,7.0081522,100.5029928,21.93,0,4.1,91.6,2.2,1,1.9
2026-08-09,07:17:33,24,True,7.0081506,100.5030051,22.12,0,4.1,94.6,2.2,1,1.9
2026-08-09,07:17:34,24,True,7.0081504,100.5030155,22.34,0,4.2,91.7,2.2,1,1.9
2026-08-09,07:17:35,24,True,7.0081511,100.5030259,22.58,0,4.4,87.5,2.2,1,1.9
2026-08-09,07:17:36,24,True,7.0081506,100.503037,22.85,0,4.4,93.6,2.2,1,1.9
2026-08-09,07:17:37,24,True,7.0081503,100.5030488,23.14,0,4.8,91.6,2.2,1,1.9
2026-08-09,07:17:38,24,True,7.0081497,100.5030608,23.43,0,4.9,91.5,2.4,1.1,2.2
2026-08-09,07:17:39,24,True,7.0081489,100.5030705,23.7,0,5,94.1,2.2,1,1.9
2026-08-09,07:17:40,24,True,7.0081471,100.5030783,23.92,0,5,91.8,2.1,1,1.9
2026-08-09,07:17:41,24,True,7.0081453,100.5030851,24.13,0,5,95.2,2.1,1,1.9
2026-08-09,07:17:42,24,True,7.0081558,100.5030915,24.84,0,5,96.5,2.1,1,1.9
2026-08-09,07:17:43,24,True,7.0081552,100.5030939,25.66,0,4.8,90.4,2,0.9,1.8
2026-08-09,07:17:44,24,True,7.0081543,100.5030986,26.48,0,4.6,89,1.9,0.9,1.8
2026-08-09,07:17:45,24,True,7.0081518,100.5031056,27.2,0,4.7,92.3,1.9,0.9,1.8
2026-08-09,07:17:46,24,True,7.0081491,100.5031123,27.83,0,4.5,92.9,1.9,0.9,1.8
2026-08-09,07:17:47,24,True,7.0081478,100.5031185,28.38,0,4.4,88.3,1.9,0.9,1.8
2026-08-09,07:17:48,24,True,7.0081462,100.5031265,28.85,0,4.3,91.5,1.9,0.9,1.8
2026-08-09,07:17:49,24,True,7.0081443,100.503137,29.28,0,4.3,96.6,1.9,0.9,1.8
2026-08-09,07:17:50,24,True,7.0081441,100.5031459,29.67,0,4.3,93.8,1.9,0.9,1.7
2026-08-09,07:17:51,24,True,7.0081431,100.5031547,30.04,0,4.4,96.7,2.2,1,2
2026-08-09,07:17:52,24,True,7.008143,100.5031638,30.35,0,4.5,93.2,2.2,1,2
2026-08-09,07:17:53,24,True,7.0081444,100.5031732,30.64,0,4.4,86.7,1.9,0.9,1.7
2026-08-09,07:17:54,24,True,7.0081443,100.5031831,30.87,0,4.4,92.7,1.9,0.9,1.7
2026-08-09,07:17:55,24,True,7.0081446,100.5031919,31.07,0,4.4,92.8,1.9,0.8,1.7
2026-08-09,07:17:56,24,True,7.0081446,100.5032019,31.23,0,4.4,92.8,1.9,0.8,1.7
2026-08-09,07:17:57,24,True,7.0081449,100.5032119,31.37,0,4.4,89.8,1.9,0.8,1.7
2026-08-09,07:17:58,24,True,7.0081437,100.5032212,31.53,0,4.4,91,1.9,0.8,1.7
2026-08-09,07:17:59,24,True,7.0081425,100.5032291,31.68,0,4.2,91.9,1.9,0.8,1.7
2026-08-09,07:18:00,24,True,7.0081417,100.5032382,31.84,0,4.3,92.3,2.2,0.9,1.9
2026-08-09,07:18:01,24,True,7.0081412,100.5032465,31.97,0,4.4,91.9,1.9,0.8,1.7
2026-08-09,07:18:02,24,True,7.00814,100.5032552,32.08,0,4.4,95,2.2,0.9,1.9
2026-08-09,07:18:03,24,True,7.0081375,100.5032626,32.16,0,4.4,101.8,2.2,0.9,1.9
2026-08-09,07:18:04,24,True,7.0081363,100.5032709,32.21,0,4.1,94.9,1.9,0.8,1.7
2026-08-09,07:18:05,24,True,7.0081352,100.503279,32.22,0,4.1,97.9,2.2,0.9,1.9
2026-08-09,07:18:06,24,True,7.0081341,100.5032877,32.2,0,4,98.8,1.9,0.8,1.7
2026-08-09,07:18:07,24,True,7.0081334,100.5032959,32.11,0,4,98.6,1.9,0.8,1.7
2026-08-09,07:18:08,24,True,7.0081342,100.5033058,32.01,0,3.9,91.9,1.9,0.8,1.7
2026-08-09,07:18:09,24,True,7.0081379,100.5033076,31.79,0,3.8,96.8,2.2,0.9,1.9
2026-08-09,07:18:10,24,True,7.0081406,100.5033109,31.46,0,3.6,98,2.2,0.9,1.9
2026-08-09,07:18:11,24,True,7.0081438,100.5033176,31.1,0,3.8,87.8,2.2,0.9,1.9
2026-08-09,07:18:12,24,True,7.0081449,100.5033238,30.7,0,3.7,97,2.2,0.9,1.9
2026-08-09,07:18:13,24,True,7.0081459,100.5033305,30.3,0,3.6,94.5,1.9,0.8,1.7
2026-08-09,07:18:14,24,True,7.0081459,100.5033348,29.9,0,3.6,95.8,1.9,0.8,1.7
2026-08-09,07:18:15,24,True,7.0081461,100.5033406,29.52,0,3.5,94.6,1.9,0.8,1.7
2026-08-09,07:18:16,24,True,7.0081463,100.5033474,29.15,0,3.6,95.2,2.2,0.9,1.9
2026-08-09,07:18:17,24,True,7.0081473,100.5033555,28.81,0,3.5,88.9,2.2,0.9,1.9
2026-08-09,07:18:18,24,True,7.0081475,100.5033627,28.48,0,3.5,91.4,2.2,0.9,1.9
2026-08-09,07:18:19,24,True,7.0081473,100.5033688,28.16,0,3.5,89.2,1.9,0.8,1.7
2026-08-09,07:18:20,24,True,7.0081472,100.5033748,27.84,0,3.8,88.2,1.9,0.8,1.7
2026-08-09,07:18:21,24,True,7.0081469,100.5033813,27.55,0,3.7,91.3,1.9,0.8,1.7
2026-08-09,07:18:22,24,True,7.0081454,100.5033875,27.27,0,3.8,97.1,1.9,0.8,1.7
2026-08-09,07:18:23,24,True,7.0081438,100.5033935,27.01,0,3.7,98.1,2.1,0.9,1.9
2026-08-09,07:18:24,24,True,7.0081434,100.5034001,26.76,0,3.8,91.9,2.1,0.9,1.9
2026-08-09,07:18:25,24,True,7.0081431,100.5034053,26.5,0,3.8,91.6,2.1,0.9,1.9
2026-08-09,07:18:26,24,True,7.0081425,100.5034128,26.23,0,3.9,93.2,2.1,0.9,1.9
2026-08-09,07:18:27,24,True,7.0081425,100.5034194,25.99,0,3.9,90.3,1.9,0.8,1.7
2026-08-09,07:18:28,24,True,7.0081415,100.503428,25.75,0,3.8,95.1,2.1,0.9,1.9
2026-08-09,07:18:29,24,True,7.0081409,100.5034356,25.52,0,3.8,92,1.9,0.8,1.7
2026-08-09,07:18:30,24,True,7.0081405,100.5034426,25.28,0,3.7,90.2,1.9,0.8,1.7
2026-08-09,07:18:31,24,True,7.0081396,100.5034497,25.05,0,3.7,93,1.9,0.8,1.7
2026-08-09,07:18:32,24,True,7.0081388,100.5034572,24.83,0,3.6,94.4,1.9,0.8,1.7
2026-08-09,07:18:33,24,True,7.0081386,100.5034635,24.65,0,3.6,89,1.9,0.8,1.7
2026-08-09,07:18:34,24,True,7.0081382,100.5034714,24.49,0,3.6,90.7,2.1,0.9,1.9
2026-08-09,07:18:35,24,True,7.0081372,100.5034802,24.34,0,3.8,94.3,1.9,0.8,1.7
2026-08-09,07:18:36,24,True,7.0081371,100.5034906,24.21,0,3.8,92,1.9,0.8,1.7
2026-08-09,07:18:37,24,True,7.0081363,100.5034992,24.1,0,3.8,95.7,1.9,0.8,1.7
2026-08-09,07:18:38,24,True,7.0081358,100.5035077,24,0,3.8,94.9,1.9,0.8,1.7
2026-08-09,07:18:39,24,True,7.008136,100.5035171,23.91,0,3.9,91.9,2.1,0.9,1.9
2026-08-09,07:18:40,24,True,7.0081355,100.5035268,23.84,0,4,93.8,1.9,0.8,1.7
2026-08-09,07:18:41,24,True,7.0081349,100.5035349,23.77,0,4,93.9,1.9,0.8,1.7
2026-08-09,07:18:42,24,True,7.008134,100.5035428,23.7,0,3.9,97.2,1.9,0.8,1.7
2026-08-09,07:18:43,24,True,7.0081331,100.5035519,23.63,0,4,94.9,1.9,0.8,1.7
2026-08-09,07:18:44,24,True,7.0081321,100.5035614,23.55,0,4.1,94.1,1.9,0.8,1.7
2026-08-09,07:18:45,24,True,7.0081311,100.5035711,23.46,0,4.1,94.9,1.9,0.8,1.7
2026-08-09,07:18:46,24,True,7.0081308,100.5035798,23.38,0,4.1,91.8,2.1,0.9,1.9
2026-08-09,07:18:47,24,True,7.0081307,100.5035889,23.31,0,4.1,89.9,2.3,1,2.1
2026-08-09,07:18:48,24,True,7.0081296,100.5035987,23.23,0,4.1,96.5,2.1,0.9,1.9
2026-08-09,07:18:49,24,True,7.00813,100.5036076,23.15,0,4.1,90.9,2.1,0.9,1.9
2026-08-09,07:18:50,24,True,7.0081289,100.5036161,23.08,0,3.9,96.3,1.9,0.8,1.7
2026-08-09,07:18:51,24,True,7.0081295,100.5036254,23.02,0,3.9,85.9,1.9,0.8,1.7
2026-08-09,07:18:52,24,True,7.0081284,100.5036355,22.98,0,4,96.1,1.9,0.8,1.7
2026-08-09,07:18:53,24,True,7.0081274,100.5036451,22.96,0,4.1,97.3,1.9,0.8,1.7
2026-08-09,07:18:54,24,True,7.0081271,100.5036545,22.96,0,4.1,93.1,1.9,0.8,1.7
2026-08-09,07:18:55,24,True,7.0081264,100.5036647,22.95,0,4.2,96.8,2.1,0.9,1.9
2026-08-09,07:18:56,24,True,7.008127,100.5036748,22.94,0,4.2,89.5,2.1,0.9,1.9
2026-08-09,07:18:57,24,True,7.0081275,100.503684,22.95,0,4.1,88.9,1.9,0.8,1.7
2026-08-09,07:18:58,24,True,7.0081271,100.5036939,22.97,0,4.1,93.3,2.1,0.9,1.9
2026-08-09,07:18:59,24,True,7.0081258,100.5037031,23,0,4.1,94.9,2.1,0.9,1.9
2026-08-09,07:19:00,24,True,7.0081257,100.5037132,23.04,0,4.2,91.1,1.9,0.8,1.7
2026-08-09,07:19:01,24,True,7.0081242,100.5037222,23.06,0,4.2,98.8,2.1,0.9,1.9
2026-08-09,07:19:02,24,True,7.0081234,100.5037301,23.08,0,4.1,93.2,2.1,0.9,1.9
2026-08-09,07:19:03,24,True,7.0081236,100.5037393,23.09,0,4.1,91.7,2.1,0.9,1.9
2026-08-09,07:19:04,24,True,7.0081237,100.5037498,23.11,0,4.1,92.4,1.9,0.8,1.7
2026-08-09,07:19:05,24,True,7.0081227,100.5037593,23.12,0,4.1,95.5,1.9,0.8,1.7
2026-08-09,07:19:06,24,True,7.0081214,100.50377,23.12,0,4.2,96.6,1.9,0.8,1.7
2026-08-09,07:19:07,24,True,7.0081204,100.5037771,23.13,0,4.1,92.6,1.9,0.8,1.7
2026-08-09,07:19:08,24,True,7.0081199,100.5037852,23.15,0,3.9,89.2,1.9,0.8,1.7
2026-08-09,07:19:09,24,True,7.0081199,100.5037928,23.18,0,4,87.9,1.9,0.8,1.7
2026-08-09,07:19:10,24,True,7.0081188,100.5038004,23.17,0,4,93.2,2.1,0.9,1.9
2026-08-09,07:19:11,24,True,7.0081178,100.5038088,23.15,0,4,93.4,2.1,0.9,1.9
2026-08-09,07:19:12,24,True,7.0081174,100.5038175,23.12,0,3.9,91.7,2.1,0.9,1.9
2026-08-09,07:19:13,24,True,7.0081172,100.5038254,23.09,0,3.8,89,1.9,0.8,1.7
2026-08-09,07:19:14,24,True,7.0081168,100.5038347,23.09,0,3.9,92.1,1.9,0.8,1.7
2026-08-09,07:19:15,24,True,7.0081166,100.5038433,23.09,0,3.9,91.2,1.9,0.8,1.7
2026-08-09,07:19:16,24,True,7.0081162,100.5038528,23.1,0,3.9,94.3,1.9,0.8,1.7
2026-08-09,07:19:17,24,True,7.0081155,100.5038616,23.09,0,4,96.8,2.1,0.9,1.9
2026-08-09,07:19:18,24,True,7.0081153,100.5038688,23.08,0,3.9,89.6,1.9,0.8,1.7
2026-08-09,07:19:19,24,True,7.0081141,100.5038768,23.05,0,3.9,98.3,1.9,0.8,1.7
2026-08-09,07:19:20,24,True,7.0081129,100.5038859,23.03,0,3.9,94.5,2.1,0.9,1.9
2026-08-09,07:19:21,24,True,7.0081116,100.5038955,22.99,0,4.1,94.3,1.9,0.8,1.7
2026-08-09,07:19:22,24,True,7.0081104,100.5039046,22.92,0,4,98.8,2.1,0.9,1.9
2026-08-09,07:19:23,24,True,7.0081109,100.503913,22.84,0,4.1,91.3,1.9,0.8,1.7
2026-08-09,07:19:24,24,True,7.0081111,100.503921,22.78,0,3.9,89.1,1.9,0.8,1.7
2026-08-09,07:19:25,24,True,7.0081116,100.5039307,22.72,0,3.9,89.4,2.1,0.9,1.9
2026-08-09,07:19:26,24,True,7.0081119,100.5039395,22.67,0,3.9,91.6,1.9,0.8,1.7
2026-08-09,07:19:27,24,True,7.0081117,100.503948,22.64,0,3.8,90.9,1.9,0.8,1.7
2026-08-09,07:19:28,24,True,7.0081117,100.5039563,22.6,0,3.8,94.4,1.9,0.8,1.7
2026-08-09,07:19:29,24,True,7.0081106,100.5039651,22.53,0,3.9,98.9,1.9,0.8,1.7
2026-08-09,07:19:30,24,True,7.0081101,100.5039731,22.47,0,3.9,93.8,2.1,0.9,1.9
2026-08-09,07:19:31,24,True,7.0081099,100.5039813,22.43,0,3.7,92.3,2.1,0.9,1.9
2026-08-09,07:19:32,24,True,7.0081098,100.5039908,22.4,0,3.8,90.8,2.1,0.9,1.9
2026-08-09,07:19:33,24,True,7.0081093,100.5039993,22.38,0,3.8,91.9,1.9,0.8,1.7
2026-08-09,07:19:34,24,True,7.0081088,100.5040068,22.37,0,3.8,93.5,1.9,0.8,1.7
2026-08-09,07:19:35,24,True,7.0081071,100.5040137,22.36,0,3.9,97.2,1.9,0.8,1.7
2026-08-09,07:19:36,24,True,7.0081077,100.5040221,22.34,0,3.8,85.3,1.9,0.8,1.7
2026-08-09,07:19:37,24,True,7.0081071,100.5040312,22.32,0,3.8,91.9,1.9,0.8,1.7
2026-08-09,07:19:38,24,True,7.0081058,100.5040404,22.3,0,3.7,94.5,1.9,0.8,1.7
2026-08-09,07:19:39,24,True,7.0081045,100.5040492,22.29,0,3.8,93.9,1.9,0.8,1.7
2026-08-09,07:19:40,24,True,7.0081036,100.5040563,22.25,0,3.7,98.1,1.9,0.8,1.7
2026-08-09,07:19:41,24,True,7.0081033,100.504064,22.21,0,3.8,91.6,2.1,0.9,1.9
2026-08-09,07:19:42,24,True,7.0081031,100.5040711,22.17,0,3.6,91.3,1.7,0.8,1.5
2026-08-09,07:19:43,24,True,7.0081019,100.5040806,22.13,0,3.8,96.3,1.7,0.8,1.5
2026-08-09,07:19:44,24,True,7.008102,100.5040895,22.1,0,3.7,88.7,1.7,0.8,1.5
2026-08-09,07:19:45,24,True,7.008102,100.5040983,22.07,0,3.8,93.3,1.7,0.8,1.5
2026-08-09,07:19:46,24,True,7.0081011,100.5041082,22.05,0,3.8,96.8,1.7,0.8,1.5
2026-08-09,07:19:47,24,True,7.0081012,100.5041184,22.03,0,3.8,91,1.7,0.8,1.5
2026-08-09,07:19:48,24,True,7.0081002,100.5041277,22.01,0,3.9,95.1,1.7,0.8,1.5
2026-08-09,07:19:49,24,True,7.0080994,100.5041375,21.97,0,3.9,93.2,1.7,0.8,1.5
2026-08-09,07:19:50,24,True,7.008098,100.5041456,21.91,0,3.9,96.7,1.7,0.8,1.5
2026-08-09,07:19:51,24,True,7.0080971,100.5041537,21.86,0,3.9,94.7,1.7,0.8,1.5
2026-08-09,07:19:52,24,True,7.0080969,100.5041628,21.82,0,4.1,91.3,1.7,0.8,1.5
2026-08-09,07:19:53,24,True,7.0080971,100.5041733,21.8,0,4.1,90.2,1.7,0.8,1.5
2026-08-09,07:19:54,24,True,7.0080965,100.504181,21.73,0,3.8,95.9,1.7,0.8,1.5
2026-08-09,07:19:55,24,True,7.0080962,100.5041882,21.63,0,4,93.5,1.6,0.7,1.4
2026-08-09,07:19:56,24,True,7.0080957,100.5041959,21.53,0,4.1,96.5,1.8,0.8,1.6
2026-08-09,07:19:57,24,True,7.0080952,100.5042045,21.45,0,3.8,96.5,1.7,0.8,1.5
2026-08-09,07:19:58,24,True,7.0080938,100.5042139,21.37,0,3.9,98.1,1.6,0.7,1.4
2026-08-09,07:19:59,24,True,7.0080919,100.5042229,21.3,0,3.9,100.7,1.6,0.7,1.4
2026-08-09,07:20:00,24,True,7.0080921,100.5042326,21.25,0,3.7,89.1,1.6,0.7,1.4
2026-08-09,07:20:01,24,True,7.0080918,100.5042419,21.21,0,3.9,92.6,1.5,0.7,1.3
2026-08-09,07:20:02,24,True,7.0080918,100.5042505,21.16,0,3.9,90.5,1.5,0.7,1.3
2026-08-09,07:20:03,24,True,7.0080921,100.5042589,21.08,0,3.8,88.2,1.5,0.7,1.3
2026-08-09,07:20:04,24,True,7.0080915,100.504268,21.01,0,3.8,92.8,1.5,0.7,1.3
2026-08-09,07:20:05,24,True,7.0080906,100.5042785,20.93,0,3.8,93.6,1.5,0.7,1.3
2026-08-09,07:20:06,24,True,7.0080894,100.5042882,20.89,0,3.7,95.9,1.5,0.7,1.3
2026-08-09,07:20:07,24,True,7.0080879,100.5042974,20.85,0,3.8,96.2,1.5,0.7,1.3
2026-08-09,07:20:08,24,True,7.0080871,100.504306,20.82,0,3.8,94.3,1.6,0.8,1.4
2026-08-09,07:20:09,24,True,7.0080858,100.504314,20.78,0,3.8,97.8,1.5,0.7,1.3
2026-08-09,07:20:10,24,True,7.0080854,100.5043232,20.73,0,3.8,92.2,1.5,0.7,1.3
2026-08-09,07:20:11,24,True,7.0080838,100.5043325,20.67,0,3.8,97.3,1.5,0.7,1.3
2026-08-09,07:20:12,24,True,7.0080824,100.5043427,20.61,0,3.9,95,1.5,0.7,1.3
2026-08-09,07:20:14,24,True,7.0080802,100.5043623,20.51,0,4,96.2,1.5,0.7,1.3
2026-08-09,07:20:15,24,True,7.0080791,100.5043714,20.44,0,4,100.1,1.6,0.8,1.4
2026-08-09,07:20:16,24,True,7.0080779,100.5043818,20.35,0,3.9,99.8,1.6,0.8,1.4
2026-08-09,07:20:17,24,True,7.008078,100.5043898,20.22,0,3.5,93.8,1.6,0.8,1.4
2026-08-09,07:20:18,24,True,7.0080779,100.5043984,20.07,0,3.8,96.4,1.5,0.7,1.3
2026-08-09,07:20:19,24,True,7.0080781,100.5044061,19.91,0,3.8,94.3,1.6,0.8,1.4
2026-08-09,07:20:20,24,True,7.0080786,100.5044139,19.77,0,3.9,93.1,1.6,0.8,1.4
2026-08-09,07:20:21,24,True,7.008079,100.5044227,19.66,0,3.9,92.9,1.6,0.8,1.4
2026-08-09,07:20:22,24,True,7.0080779,100.5044315,19.57,0,3.9,96.9,1.6,0.8,1.4
2026-08-09,07:20:23,24,True,7.0080776,100.5044409,19.5,0,3.9,92.5,1.5,0.7,1.3
2026-08-09,07:20:24,24,True,7.0080766,100.5044503,19.45,0,4,97.6,1.5,0.7,1.3
2026-08-09,07:20:25,24,True,7.008077,100.5044593,19.41,0,4,89.4,1.5,0.7,1.3
2026-08-09,07:20:26,24,True,7.0080766,100.5044693,19.39,0,4.1,91.8,1.6,0.8,1.4
2026-08-09,07:20:27,24,True,7.0080763,100.504478,19.37,0,4.1,91.2,1.6,0.8,1.4
2026-08-09,07:20:28,24,True,7.0080753,100.5044868,19.38,0,4,92.8,1.6,0.8,1.4
2026-08-09,07:20:29,24,True,7.0080743,100.5044965,19.41,0,4,94.2,1.6,0.8,1.4
2026-08-09,07:20:30,24,True,7.0080729,100.5045065,19.47,0,4.1,95.8,1.5,0.7,1.3
2026-08-09,07:20:31,24,True,7.0080719,100.5045162,19.55,0,4,94.3,1.5,0.7,1.3
2026-08-09,07:20:32,24,True,7.0080715,100.5045254,19.65,0,4.1,92.2,1.5,0.7,1.3
2026-08-09,07:20:33,24,True,7.008071,100.5045352,19.72,0,4.2,93,1.5,0.7,1.3
2026-08-09,07:20:34,24,True,7.0080695,100.5045449,19.79,0,4.2,99.9,1.5,0.7,1.3
2026-08-09,07:20:35,24,True,7.0080687,100.5045546,19.86,0,4.2,97,1.5,0.7,1.3
2026-08-09,07:20:36,24,True,7.0080674,100.5045656,19.92,0,4.3,98.2,1.5,0.7,1.3
2026-08-09,07:20:37,24,True,7.0080666,100.5045755,19.97,0,4.2,96.4,1.5,0.7,1.3
2026-08-09,07:20:38,24,True,7.0080655,100.5045853,20.02,0,4.2,100,1.5,0.7,1.3
2026-08-09,07:20:39,24,True,7.0080654,100.5045941,20.05,0,4.2,94.4,1.5,0.7,1.3
2026-08-09,07:20:40,24,True,7.0080649,100.5046032,20.08,0,4.2,99,1.6,0.8,1.4
2026-08-09,07:20:41,24,True,7.0080651,100.5046139,20.1,0,4.1,95,1.6,0.8,1.4
2026-08-09,07:20:42,24,True,7.0080656,100.5046237,20.13,0,4.1,95.4,1.6,0.8,1.4
2026-08-09,07:20:43,24,True,7.0080661,100.5046349,20.16,0,4.1,95.8,1.5,0.7,1.3
2026-08-09,07:20:44,24,True,7.0080668,100.5046458,20.18,0,4.1,95.1,1.4,0.7,1.2
2026-08-09,07:20:45,24,True,7.0080672,100.5046531,20.16,0,4.2,95.7,1.4,0.7,1.2
2026-08-09,07:20:46,24,True,7.0080673,100.5046628,20.15,0,4.2,93,1.4,0.7,1.2
2026-08-09,07:20:47,24,True,7.0080677,100.5046698,20.12,0,4.1,93.3,1.4,0.7,1.2
2026-08-09,07:20:48,24,True,7.0080671,100.5046806,20.13,0,4.2,93.3,1.4,0.7,1.2
2026-08-09,07:20:49,24,True,7.0080664,100.5046921,20.15,0,4.3,93.7,1.4,0.7,1.2
2026-08-09,07:20:50,24,True,7.0080651,100.5047031,20.2,0,4.4,96.2,1.4,0.7,1.2
2026-08-09,07:20:51,24,True,7.0080645,100.5047143,20.27,0,4.4,91.6,1.4,0.7,1.2
2026-08-09,07:20:52,24,True,7.0080643,100.5047248,20.38,0,4.3,90.8,1.4,0.7,1.2
2026-08-09,07:20:53,24,True,7.0080637,100.5047351,20.5,0,4.4,92.1,1.4,0.7,1.2
2026-08-09,07:20:54,24,True,7.0080631,100.5047454,20.62,0,4.4,92.7,1.4,0.7,1.2
2026-08-09,07:20:55,24,True,7.0080622,100.5047558,20.76,0,4.4,93.8,1.4,0.7,1.2
2026-08-09,07:20:56,24,True,7.0080613,100.504767,20.9,0,4.4,94.4,1.4,0.7,1.2
2026-08-09,07:20:57,24,True,7.0080598,100.5047779,21.07,0,4.3,97.2,1.4,0.7,1.2
2026-08-09,07:20:58,24,True,7.0080593,100.5047891,21.27,0,4.1,91.8,1.4,0.7,1.2
2026-08-09,07:20:59,24,True,7.0080583,100.5047998,21.49,0,4.2,94.9,1.4,0.7,1.2
2026-08-09,07:21:00,24,True,7.0080575,100.5048106,21.71,0,4.4,93.7,1.4,0.7,1.2
2026-08-09,07:21:01,24,True,7.0080573,100.5048213,21.94,0,4.2,89.7,1.4,0.7,1.2
2026-08-09,07:21:02,24,True,7.0080578,100.5048324,22.22,0,3.8,86.3,1.4,0.7,1.2
2026-08-09,07:21:03,24,True,7.008057,100.5048433,22.52,0,4.1,92.8,1.4,0.7,1.2
2026-08-09,07:21:04,24,True,7.0080567,100.5048529,22.8,0,4.4,89.6,1.4,0.7,1.2
2026-08-09,07:21:05,24,True,7.0080568,100.5048628,23.06,0,4.5,88.9,1.4,0.7,1.2
2026-08-09,07:21:06,24,True,7.008056,100.5048732,23.3,0,4.5,93.6,1.4,0.7,1.2
2026-08-09,07:21:07,24,True,7.0080558,100.5048832,23.54,0,4.4,90.4,1.4,0.7,1.2
2026-08-09,07:21:08,24,True,7.0080557,100.5048925,23.76,0,4.3,89.9,1.4,0.7,1.2
2026-08-09,07:21:09,24,True,7.0080563,100.5049017,23.97,0,4.1,85.2,1.4,0.7,1.2
2026-08-09,07:21:10,24,True,7.0080567,100.504912,24.17,0,4.1,87,1.4,0.7,1.2
2026-08-09,07:21:11,24,True,7.0080561,100.5049214,24.35,0,4,92.2,1.4,0.7,1.2
2026-08-09,07:21:12,24,True,7.0080557,100.5049305,24.53,0,3.9,91.6,1.4,0.7,1.2
2026-08-09,07:21:13,24,True,7.0080558,100.5049407,24.71,0,3.8,89.4,1.5,0.8,1.3
2026-08-09,07:21:14,24,True,7.0080564,100.5049513,24.92,0,3.6,86.3,1.5,0.8,1.3
2026-08-09,07:21:15,24,True,7.0080573,100.504962,25.18,0,3.4,84.3,1.4,0.7,1.2
2026-08-09,07:21:16,24,True,7.0080583,100.5049732,25.5,0,3.5,84.7,1.4,0.7,1.2
2026-08-09,07:21:17,24,True,7.0080599,100.5049836,25.85,0,3.5,80.2,1.4,0.7,1.2
2026-08-09,07:21:18,24,True,7.0080601,100.504993,26.2,0,3.9,86.9,1.4,0.7,1.2
2026-08-09,07:21:19,24,True,7.0080617,100.5050032,26.53,0,4,80.8,1.4,0.7,1.2
2026-08-09,07:21:20,24,True,7.0080632,100.505013,26.84,0,4.2,80.7,1.4,0.7,1.2
2026-08-09,07:21:21,24,True,7.0080652,100.5050211,27.14,0,4.1,76.2,1.4,0.7,1.2
2026-08-09,07:21:22,24,True,7.008067,100.5050312,27.41,0,4.2,79.3,1.4,0.7,1.2
2026-08-09,07:21:23,24,True,7.0080685,100.5050411,27.65,0,4.2,81.1,1.4,0.7,1.2
2026-08-09,07:21:24,24,True,7.0080705,100.5050514,27.86,0,4.2,78.2,1.4,0.7,1.2
2026-08-09,07:21:25,24,True,7.0080723,100.5050613,28.04,0,4.1,78.9,1.3,0.7,1.2
2026-08-09,07:21:26,24,True,7.0080746,100.5050714,28.2,0,4.1,76.9,1.3,0.7,1.2
2026-08-09,07:21:27,24,True,7.0080777,100.5050804,28.35,0,4,71.4,1.3,0.7,1.2
2026-08-09,07:21:28,24,True,7.0080813,100.5050879,28.49,0,4,64.1,1.3,0.7,1.2
2026-08-09,07:21:29,24,True,7.0080854,100.5050962,28.61,0,4,63.7,1.3,0.7,1.2
2026-08-09,07:21:30,24,True,7.0080899,100.5051046,28.71,0,3.9,61.7,1.3,0.7,1.2
2026-08-09,07:21:31,24,True,7.0080937,100.5051129,28.81,0,3.8,64.8,1.3,0.7,1.2
2026-08-09,07:21:32,24,True,7.0080988,100.5051218,28.91,0,4,60.2,1.3,0.7,1.2
2026-08-09,07:21:33,24,True,7.0081049,100.5051312,29.02,0,3.9,57.5,1.3,0.7,1.2
2026-08-09,07:21:34,24,True,7.0081108,100.5051397,29.17,0,3.7,55.5,1.3,0.7,1.2
2026-08-09,07:21:35,24,True,7.0081175,100.5051478,29.34,0,3.9,50.9,1.4,0.7,1.2
2026-08-09,07:21:36,24,True,7.0081247,100.5051558,29.51,0,4.1,48.3,1.4,0.7,1.2
2026-08-09,07:21:37,24,True,7.0081321,100.5051638,29.7,0,4,46.9,1.4,0.7,1.2
2026-08-09,07:21:38,24,True,7.0081399,100.505171,29.91,0,4.1,42.2,1.4,0.7,1.2
2026-08-09,07:21:39,24,True,7.0081474,100.5051778,30.11,0,4.2,42.2,1.4,0.7,1.2
2026-08-09,07:21:40,24,True,7.0081539,100.5051855,30.29,0,4.3,52.4,1.3,0.6,1.1
2026-08-09,07:21:41,24,True,7.0081613,100.5051924,30.44,0,4.3,46.1,1.3,0.6,1.1
2026-08-09,07:21:42,24,True,7.0081688,100.5051994,30.59,0,4.3,44.9,1.3,0.6,1.1
2026-08-09,07:21:43,24,True,7.0081764,100.5052068,30.75,0,4.2,44.6,1.3,0.6,1.1
2026-08-09,07:21:44,24,True,7.0081841,100.5052145,30.89,0,4.3,45.1,1.4,0.7,1.2
2026-08-09,07:21:45,24,True,7.0081925,100.5052206,31.05,0,4.2,35.9,1.4,0.7,1.2
2026-08-09,07:21:46,24,True,7.0082004,100.5052272,31.17,0,4.2,39.9,1.3,0.6,1.1
2026-08-09,07:21:47,24,True,7.0082081,100.5052341,31.27,0,4.2,42.2,1.3,0.7,1.2
2026-08-09,07:21:48,24,True,7.0082157,100.5052416,31.33,0,4.2,45.5,1.4,0.7,1.2
2026-08-09,07:21:49,24,True,7.0082228,100.5052492,31.36,0,4.2,47.5,1.3,0.6,1.2
2026-08-09,07:21:50,24,True,7.0082301,100.5052568,31.38,0,4.2,46,1.3,0.6,1.2
2026-08-09,07:21:51,24,True,7.0082375,100.5052632,31.38,0,4.2,40.1,1.4,0.7,1.2
2026-08-09,07:21:52,24,True,7.0082451,100.5052687,31.36,0,4.1,35.7,1.4,0.7,1.2
2026-08-09,07:21:53,24,True,7.0082517,100.5052745,31.36,0,4.2,38.9,1.3,0.6,1.1
2026-08-09,07:21:54,24,True,7.0082556,100.5052802,31.37,0,4.2,38.2,1.4,0.7,1.2
2026-08-09,07:21:55,24,True,7.0082594,100.5052856,31.38,0,4.1,37.1,1.4,0.7,1.2
2026-08-09,07:21:56,24,True,7.0082635,100.5052905,31.4,0,4.1,35.5,1.4,0.7,1.2
2026-08-09,07:21:57,24,True,7.0082695,100.5052956,31.41,0,3.9,36.8,1.3,0.7,1.1
2026-08-09,07:21:58,24,True,7.008276,100.5052998,31.42,0,3.8,33.7,1.4,0.7,1.2
2026-08-09,07:21:59,24,True,7.0082815,100.5053051,31.4,0,3.8,45,1.4,0.7,1.2
2026-08-09,07:22:00,24,True,7.0082882,100.5053115,31.37,0,3.8,44.3,1.4,0.7,1.3
2026-08-09,07:22:01,24,True,7.0082949,100.5053179,31.32,0,3.8,44.7,1.4,0.7,1.3
2026-08-09,07:22:02,24,True,7.0083029,100.5053246,31.26,0,3.8,40.9,1.4,0.7,1.2
2026-08-09,07:22:03,24,True,7.0083092,100.5053313,31.2,0,3.8,47,1.4,0.7,1.3
2026-08-09,07:22:04,24,True,7.0083173,100.5053367,31.09,0,3.5,33.5,1.4,0.7,1.2
2026-08-09,07:22:05,24,True,7.0083255,100.5053426,30.98,0,3.8,34.3,1.4,0.7,1.2
2026-08-09,07:22:06,24,True,7.0083328,100.5053481,30.85,0,3.7,35.9,1.4,0.7,1.2
2026-08-09,07:22:07,24,True,7.0083385,100.5053533,30.72,0,3.7,36.7,1.4,0.7,1.3
2026-08-09,07:22:08,24,True,7.008345,100.5053586,30.59,0,3.8,34.2,1.4,0.7,1.3
2026-08-09,07:22:09,24,True,7.0083506,100.5053646,30.47,0,3.8,43.1,1.4,0.7,1.3
2026-08-09,07:22:10,24,True,7.0083574,100.5053701,30.36,0,3.9,37.9,1.5,0.7,1.3
2026-08-09,07:22:11,24,True,7.0083647,100.5053757,30.27,0,3.9,36.8,1.4,0.7,1.2
2026-08-09,07:22:12,24,True,7.0083715,100.5053806,30.21,0,3.9,35.7,1.3,0.6,1.2
2026-08-09,07:22:13,24,True,7.0083786,100.5053865,30.17,0,3.8,38.9,1.4,0.6,1.3
2026-08-09,07:22:14,24,True,7.0083864,100.5053925,30.16,0,3.8,37.9,1.3,0.6,1.2
2026-08-09,07:22:15,24,True,7.0083923,100.5053977,30.14,0,3.9,43.2,1.3,0.6,1.2
2026-08-09,07:22:16,24,True,7.0083977,100.5054024,30.1,0,3.7,46.8,1.3,0.6,1.2
2026-08-09,07:22:17,24,True,7.0084039,100.5054076,30.06,0,3.7,42.1,1.4,0.6,1.2
2026-08-09,07:22:18,24,True,7.0084107,100.5054132,30,0,3.7,40.9,1.3,0.6,1.2
2026-08-09,07:22:19,24,True,7.0084164,100.5054195,29.93,0,3.6,46.5,1.3,0.6,1.1
2026-08-09,07:22:20,24,True,7.0084226,100.5054257,29.84,0,3.7,44.9,1.3,0.6,1.1
2026-08-09,07:22:21,24,True,7.0084298,100.5054324,29.76,0,3.7,41.7,1.3,0.6,1.1
2026-08-09,07:22:22,24,True,7.0084368,100.5054388,29.68,0,3.7,40.7,1.3,0.6,1.1
2026-08-09,07:22:23,24,True,7.008443,100.5054448,29.61,0,3.7,40.9,1.4,0.6,1.2
2026-08-09,07:22:24,24,True,7.0084472,100.5054513,29.54,0,3.7,51.1,1.3,0.6,1.2
2026-08-09,07:22:25,24,True,7.0084515,100.5054573,29.46,0,3.6,49.7,1.3,0.6,1.1
2026-08-09,07:22:26,24,True,7.0084581,100.5054641,29.38,0,3.7,45.8,1.3,0.6,1.1
2026-08-09,07:22:27,24,True,7.0084647,100.5054704,29.33,0,3.6,44.4,1.2,0.6,1.1
2026-08-09,07:22:28,24,True,7.0084715,100.5054764,29.3,0,3.7,42.6,1.2,0.6,1.1
2026-08-09,07:22:29,24,True,7.0084786,100.5054828,29.27,0,3.7,43.1,1.3,0.6,1.1
2026-08-09,07:22:30,24,True,7.0084856,100.5054887,29.25,0,3.8,40.6,1.3,0.6,1.1
2026-08-09,07:22:31,24,True,7.0084926,100.5054951,29.24,0,3.7,42.4,1.3,0.6,1.1
2026-08-09,07:22:32,24,True,7.0085,100.5055007,29.26,0,3.6,37.6,1.3,0.6,1.1
2026-08-09,07:22:33,24,True,7.0085063,100.5055079,29.29,0,3.8,48.5,1.3,0.6,1.2
2026-08-09,07:22:34,24,True,7.0085121,100.5055139,29.34,0,3.9,44.8,1.3,0.6,1.2
2026-08-09,07:22:35,24,True,7.0085174,100.5055203,29.38,0,3.9,48,1.4,0.6,1.2
2026-08-09,07:22:36,24,True,7.0085229,100.5055254,29.38,0,3.7,41.9,1.3,0.6,1.2
2026-08-09,07:22:37,24,True,7.0085289,100.5055299,29.39,0,3.7,34.8,1.2,0.6,1.1
2026-08-09,07:22:38,24,True,7.0085341,100.5055365,29.39,0,3.7,49.7,1.2,0.6,1.1
2026-08-09,07:22:39,24,True,7.0085392,100.5055418,29.4,0,3.7,44.2,1.3,0.6,1.1
2026-08-09,07:22:40,24,True,7.0085451,100.5055473,29.42,0,3.6,42.2,1.4,0.6,1.2
2026-08-09,07:22:41,24,True,7.0085515,100.5055511,29.46,0,3.6,29.6,1.3,0.6,1.2
2026-08-09,07:22:42,24,True,7.0085583,100.5055548,29.51,0,3.6,28.7,1.3,0.6,1.2
2026-08-09,07:22:43,24,True,7.0085656,100.5055606,29.57,0,3.6,37.8,1.2,0.6,1.1
2026-08-09,07:22:44,24,True,7.0085729,100.5055664,29.65,0,3.5,38.2,1.2,0.6,1.1
2026-08-09,07:22:45,24,True,7.0085784,100.5055703,29.76,0,3.3,33.3,1.2,0.6,1.1
2026-08-09,07:22:46,24,True,7.0085843,100.505574,29.89,0,3.5,36.3,1.3,0.6,1.2
2026-08-09,07:22:47,24,True,7.008589,100.5055779,30.01,0,3.6,41.4,1.3,0.6,1.1
2026-08-09,07:22:48,24,True,7.0085943,100.5055819,30.13,0,3.8,41.6,1.3,0.6,1.2
2026-08-09,07:22:49,24,True,7.0086022,100.505585,30.24,0,3.8,31.2,1.2,0.6,1.1
2026-08-09,07:22:50,24,True,7.0086092,100.5055885,30.35,0,3.8,36.4,1.3,0.6,1.2
2026-08-09,07:22:51,24,True,7.008618,100.5055929,30.44,0,4,37.1,1.3,0.6,1.2
2026-08-09,07:22:52,24,True,7.0086295,100.5055928,30.51,0,4,31.1,1.3,0.6,1.2
2026-08-09,07:22:53,24,True,7.0086381,100.5055976,30.59,0,4,32.1,1.4,0.6,1.3
2026-08-09,07:22:54,24,True,7.0086467,100.5056024,30.68,0,4,29.1,1.4,0.6,1.3
2026-08-09,07:22:55,24,True,7.008655,100.5056069,30.78,0,3.9,29.4,1.4,0.6,1.3
2026-08-09,07:22:56,24,True,7.0086624,100.5056114,30.89,0,3.9,32.2,1.4,0.6,1.3
2026-08-09,07:22:57,24,True,7.0086684,100.5056148,31.02,0,3.6,31.5,1.4,0.6,1.3
2026-08-09,07:22:59,24,True,7.008681,100.5056205,31.33,0,3.7,29.6,1.3,0.6,1.2
2026-08-09,07:22:59,24,True,7.008681,100.5056205,31.33,0,3.7,29.6,1.4,0.6,1.3
2026-08-09,07:23:01,24,True,7.0086884,100.5056245,31.63,0,3.8,32.7,1.5,0.7,1.3
2026-08-09,07:23:02,24,True,7.0086941,100.5056279,31.76,0,3.8,31,1.4,0.6,1.3
2026-08-09,07:23:03,24,True,7.0086976,100.5056305,31.87,0,3.9,27.5,1.4,0.6,1.3
2026-08-09,07:23:04,24,True,7.0086993,100.5056336,31.95,0,3.8,34.7,1.4,0.6,1.3
2026-08-09,07:23:05,24,True,7.0087005,100.5056357,32,0,3.8,29.9,1.4,0.6,1.3
2026-08-09,07:23:06,24,True,7.0087062,100.5056395,32.04,0,3.8,27.4,1.4,0.6,1.3
2026-08-09,07:23:07,24,True,7.0087138,100.5056439,32.07,0,3.8,29.5,1.4,0.6,1.3
2026-08-09,07:23:08,24,True,7.008721,100.5056476,32.09,0,3.8,26.2,1.5,0.7,1.3
2026-08-09,07:23:09,24,True,7.0087291,100.505652,32.1,0,3.8,28.2,1.5,0.7,1.3
2026-08-09,07:23:10,24,True,7.0087377,100.5056562,32.12,0,3.9,25.4,1.5,0.7,1.3
2026-08-09,07:23:11,24,True,7.0087438,100.5056602,32.14,0,3.8,28.7,1.5,0.7,1.3
2026-08-09,07:23:12,24,True,7.0087532,100.5056638,32.19,0,3.8,21.8,1.5,0.7,1.3
2026-08-09,07:23:13,24,True,7.0087606,100.5056654,32.24,0,3.8,17.1,1.4,0.6,1.3
2026-08-09,07:23:14,24,True,7.0087702,100.5056664,32.3,0,3.8,7.9,1.5,0.6,1.3
2026-08-09,07:23:15,24,True,7.0087776,100.5056679,32.36,0,3.7,12.4,1.5,0.6,1.3
2026-08-09,07:23:16,24,True,7.0087851,100.5056695,32.41,0,3.6,11.8,1.5,0.6,1.3
2026-08-09,07:23:17,24,True,7.0087934,100.5056723,32.46,0,3.5,18.9,1.4,0.6,1.3
2026-08-09,07:23:18,24,True,7.0088012,100.5056731,32.54,0,3.3,7.4,1.5,0.7,1.3
2026-08-09,07:23:19,24,True,7.00881,100.5056746,32.62,0,3.4,13.7,1.5,0.7,1.3
2026-08-09,07:23:20,24,True,7.0088183,100.5056751,32.7,0,3.5,6.2,1.5,0.7,1.3
2026-08-09,07:23:21,24,True,7.008828,100.5056752,32.77,0,3.4,3.7,1.4,0.6,1.3
2026-08-09,07:23:22,24,True,7.0088385,100.5056761,32.85,0,4.2,5.9,1.4,0.6,1.3
2026-08-09,07:23:23,24,True,7.008849,100.5056772,32.94,0,3.4,5.1,1.5,0.7,1.3
2026-08-09,07:23:24,24,True,7.0088597,100.5056788,33.03,0,3.6,8.2,1.3,0.6,1.2
2026-08-09,07:23:25,24,True,7.0088684,100.5056804,33.12,0,3.6,10.1,1.5,0.7,1.3
2026-08-09,07:23:26,24,True,7.0088777,100.5056812,33.22,0,3.5,5.7,1.4,0.6,1.3
2026-08-09,07:23:27,24,True,7.0088866,100.5056822,33.33,0,3.7,8.5,1.6,0.7,1.5
2026-08-09,07:23:28,24,True,7.0088943,100.5056832,33.42,0,3.7,7.7,1.5,0.7,1.3
2026-08-09,07:23:29,24,True,7.0089066,100.505685,33.52,0,3.9,14.8,1.4,0.6,1.3
2026-08-09,07:23:30,24,True,7.0089185,100.5056848,33.6,0,3.7,3.1,1.4,0.6,1.3
2026-08-09,07:23:31,24,True,7.008931,100.5056836,33.65,0,3.9,3.1,1.5,0.7,1.3
2026-08-09,07:23:32,24,True,7.0089417,100.5056851,33.7,0,4,10.5,1.5,0.7,1.3
2026-08-09,07:23:33,24,True,7.0089501,100.5056865,33.74,0,3.9,11.4,1.3,0.6,1.2
2026-08-09,07:23:34,24,True,7.0089598,100.5056877,33.78,0,3.9,7.3,1.5,0.7,1.3
2026-08-09,07:23:35,24,True,7.0089697,100.5056884,33.82,0,3.9,3,1.5,0.7,1.3
2026-08-09,07:23:36,24,True,7.0089798,100.5056884,33.84,0,3.8,358.3,1.5,0.7,1.3
2026-08-09,07:23:37,24,True,7.0089887,100.505688,33.86,0,3.8,357.3,1.5,0.7,1.3
2026-08-09,07:23:38,24,True,7.0089972,100.5056885,33.91,0,3.8,4.5,1.5,0.7,1.4
2026-08-09,07:23:39,24,True,7.0090059,100.5056894,33.94,0,3.9,5.9,1.5,0.7,1.3
2026-08-09,07:23:40,24,True,7.0090142,100.5056917,33.97,0,3.8,16,1.8,0.8,1.6
2026-08-09,07:23:41,24,True,7.0090217,100.5056931,34,0,3.6,11.1,1.5,0.7,1.3
2026-08-09,07:23:42,24,True,7.00903,100.5056935,34.02,0,3.5,4.6,1.3,0.6,1.2
2026-08-09,07:23:43,24,True,7.0090384,100.505695,34.04,0,3.5,10.5,1.7,0.8,1.6
2026-08-09,07:23:44,24,True,7.009047,100.5056968,34.06,0,3.5,12.6,1.5,0.7,1.3
2026-08-09,07:23:45,24,True,7.0090551,100.5057003,34.1,0,3.5,23.4,1.5,0.7,1.3
2026-08-09,07:23:46,24,True,7.0090625,100.505702,34.13,0,3.5,12.4,1.6,0.8,1.4
2026-08-09,07:23:47,24,True,7.0090758,100.5056962,34.39,0,3.4,355.8,1.5,0.7,1.4
2026-08-09,07:23:48,24,True,7.0090908,100.5056971,34.62,0,3.4,359.2,1.6,0.8,1.4
2026-08-09,07:23:49,24,True,7.0091034,100.5057004,34.83,0,3.5,6.2,1.6,0.8,1.4
2026-08-09,07:23:50,24,True,7.0091145,100.5057014,34.99,0,3.5,0.1,1.3,0.6,1.2
2026-08-09,07:23:51,24,True,7.009127,100.5057004,35.1,0,3.5,1.5,1.5,0.7,1.3
2026-08-09,07:23:52,24,True,7.0091442,100.5057042,35.17,0,3.6,5,1.8,0.8,1.6
2026-08-09,07:23:53,24,True,7.0091704,100.50571,35.2,0,3.9,0.8,1.9,0.8,1.7
2026-08-09,07:23:54,24,True,7.0091833,100.5057104,35.23,0,3.9,359.2,2.1,0.9,1.8
2026-08-09,07:23:55,24,True,7.0091964,100.5057098,35.26,0,4,353.3,1.8,0.8,1.6
2026-08-09,07:23:56,24,True,7.0092078,100.5057098,35.3,0,4.1,359.1,1.6,0.8,1.4
2026-08-09,07:23:57,24,True,7.0092233,100.5057167,35.3,0,4.1,9,1.4,0.7,1.2
2026-08-09,07:23:58,24,True,7.0092359,100.5057171,35.3,0,4.2,1.8,1.6,0.7,1.4
2026-08-09,07:23:59,24,True,7.0092492,100.505713,35.22,0,4.2,355.1,1.6,0.7,1.4
2026-08-09,07:24:00,24,True,7.0092619,100.5057127,35.11,0,4.2,3.4,1.4,0.7,1.2
2026-08-09,07:24:01,24,True,7.009271,100.5057112,34.99,0,4.2,350.9,1.4,0.7,1.2
2026-08-09,07:24:02,24,True,7.0092817,100.5057112,34.89,0,4.3,356.9,1.5,0.7,1.3
2026-08-09,07:24:03,24,True,7.0092916,100.5057113,34.76,0,4.2,3,1.6,0.7,1.4
2026-08-09,07:24:04,24,True,7.0093014,100.5057109,34.58,0,4,17.7,1.5,0.7,1.3
2026-08-09,07:24:05,24,True,7.0093135,100.5057116,34.39,0,4.1,1.3,1.5,0.7,1.3
2026-08-09,07:24:06,24,True,7.0093261,100.5057126,34.22,0,3.9,0.6,1.5,0.7,1.3
2026-08-09,07:24:07,24,True,7.0093358,100.5057117,34.09,0,3.8,351.5,1.5,0.7,1.4
2026-08-09,07:24:08,24,True,7.0093459,100.5057118,33.97,0,3.6,358.9,1.5,0.7,1.3
2026-08-09,07:24:09,24,True,7.0093564,100.5057124,33.86,0,3.5,5,1.5,0.7,1.4
2026-08-09,07:24:10,24,True,7.0093675,100.5057141,33.77,0,3.4,7,1.5,0.7,1.4
2026-08-09,07:24:11,24,True,7.0093768,100.5057148,33.7,0,3.3,4.5,1.6,0.8,1.4
2026-08-09,07:24:12,24,True,7.0093869,100.5057153,33.64,0,3.2,2.2,1.6,0.8,1.4
2026-08-09,07:24:13,24,True,7.0093968,100.5057136,33.61,0,3.1,339.8,1.5,0.7,1.4
2026-08-09,07:24:14,24,True,7.0094113,100.5057147,33.55,0,3.3,350.5,1.5,0.7,1.3
2026-08-09,07:24:15,24,True,7.0094247,100.5057137,33.48,0,3.5,359.9,1.5,0.7,1.3
2026-08-09,07:24:16,24,True,7.0094365,100.5057137,33.4,0,3.4,357,1.4,0.6,1.3
2026-08-09,07:24:17,24,True,7.009446,100.5057157,33.3,0,3.3,6,1.5,0.7,1.4
2026-08-09,07:24:18,24,True,7.0094569,100.5057168,33.2,0,3.3,4.4,1.5,0.7,1.3
2026-08-09,07:24:19,24,True,7.0094669,100.5057159,33.12,0,3.5,2.6,1.5,0.7,1.3
2026-08-09,07:24:20,24,True,7.0094772,100.5057118,32.9,0,3.5,5.5,1.4,0.6,1.3
2026-08-09,07:24:21,24,True,7.0094858,100.5057129,32.69,0,3.5,357.3,1.5,0.7,1.3
2026-08-09,07:24:22,24,True,7.0094962,100.5057151,32.47,0,3.5,357.3,1.5,0.7,1.3
2026-08-09,07:24:23,24,True,7.0095076,100.5057163,32.26,0,3.5,0.2,1.5,0.7,1.3
2026-08-09,07:24:24,24,True,7.0095189,100.5057172,32.06,0,3.6,9.1,1.6,0.7,1.4
2026-08-09,07:24:25,24,True,7.0095308,100.505716,31.83,0,3.6,0.2,1.5,0.7,1.4
2026-08-09,07:24:26,24,True,7.0095417,100.5057164,31.62,0,3.6,3.2,1.5,0.7,1.3
2026-08-09,07:24:27,24,True,7.0095524,100.5057173,31.42,0,3.5,8.2,1.6,0.8,1.4
2026-08-09,07:24:28,24,True,7.0095632,100.5057166,31.27,0,3.5,357.1,1.3,0.7,1.2
2026-08-09,07:24:29,24,True,7.0095733,100.505716,31.13,0,3.7,358.2,1.3,0.6,1.2
2026-08-09,07:24:30,24,True,7.0095841,100.505715,31.02,0,3.7,357.1,1.3,0.6,1.2
2026-08-09,07:24:31,24,True,7.009595,100.5057134,30.95,0,3.7,358.5,1.3,0.6,1.2
2026-08-09,07:24:32,24,True,7.0096061,100.5057139,30.9,0,3.7,11,1.3,0.6,1.2
2026-08-09,07:24:33,24,True,7.0096148,100.5057159,30.85,0,3.8,15.7,1.4,0.7,1.2
2026-08-09,07:24:34,24,True,7.009624,100.5057167,30.8,0,3.8,8.3,1.3,0.6,1.2
2026-08-09,07:24:35,24,True,7.0096326,100.5057174,30.71,0,3.8,3.2,1.5,0.7,1.3
2026-08-09,07:24:36,24,True,7.0096417,100.5057179,30.54,0,3.8,6.3,1.3,0.6,1.2
2026-08-09,07:24:37,24,True,7.0096495,100.5057176,30.34,0,3.9,3.1,1.3,0.6,1.2
2026-08-09,07:24:38,24,True,7.009659,100.5057164,30.09,0,3.9,4.1,1.6,0.7,1.4
2026-08-09,07:24:39,24,True,7.0096682,100.5057152,29.82,0,3.9,359.4,1.6,0.7,1.4
2026-08-09,07:24:40,24,True,7.0096768,100.5057147,29.56,0,3.9,357.9,1.6,0.7,1.4
2026-08-09,07:24:41,24,True,7.009685,100.5057158,29.32,0,3.9,4.2,1.3,0.6,1.2
2026-08-09,07:24:42,24,True,7.0096946,100.5057175,29.1,0,3.9,7.9,1.4,0.6,1.3
2026-08-09,07:24:43,24,True,7.0097041,100.5057186,28.91,0,3.9,5.4,1.5,0.7,1.3
2026-08-09,07:24:44,24,True,7.0097116,100.5057196,28.77,0,3.5,6.7,1.3,0.6,1.2
2026-08-09,07:24:45,24,True,7.0097209,100.5057195,28.65,0,3.4,0.3,1.5,0.7,1.3
2026-08-09,07:24:46,24,True,7.0097307,100.5057187,28.58,0,3.8,356.7,1.4,0.6,1.2
2026-08-09,07:24:47,24,True,7.0097402,100.505718,28.52,0,3.9,356.4,1.4,0.7,1.2
2026-08-09,07:24:48,24,True,7.0097498,100.5057183,28.48,0,3.9,359.8,1.3,0.6,1.2
2026-08-09,07:24:49,24,True,7.0097586,100.505718,28.45,0,3.9,0.8,1.3,0.6,1.2
2026-08-09,07:24:50,24,True,7.0097675,100.5057167,28.42,0,3.8,351.5,1.3,0.6,1.2
2026-08-09,07:24:51,24,True,7.0097767,100.5057155,28.39,0,3.7,352.5,1.5,0.7,1.3
2026-08-09,07:24:52,24,True,7.0097857,100.5057144,28.36,0,3.7,355.3,1.6,0.7,1.4
2026-08-09,07:24:53,24,True,7.0097935,100.5057128,28.32,0,3.7,350.5,1.5,0.7,1.3
2026-08-09,07:24:54,24,True,7.009802,100.5057112,28.26,0,3.9,349.6,1.6,0.7,1.4
2026-08-09,07:24:55,24,True,7.0098108,100.5057093,28.18,0,3.9,347.9,1.5,0.7,1.3
2026-08-09,07:24:56,24,True,7.0098191,100.5057077,28.1,0,3.8,349.7,1.5,0.7,1.3
2026-08-09,07:24:57,24,True,7.0098274,100.505706,28.04,0,3.7,347.5,1.6,0.7,1.4
2026-08-09,07:24:58,24,True,7.0098364,100.5057039,27.96,0,3.7,345.6,1.5,0.7,1.3
2026-08-09,07:24:59,24,True,7.0098447,100.5057024,27.84,0,3.7,347.2,1.5,0.7,1.4
2026-08-09,07:25:00,24,True,7.0098538,100.5056995,27.61,0,3.8,344.9,1.6,0.7,1.4
2026-08-09,07:25:01,24,True,7.009863,100.5056941,27.31,0,3.9,344.2,1.6,0.7,1.4
2026-08-09,07:25:02,24,True,7.0098737,100.5056895,26.99,0,3.9,348.2,1.6,0.7,1.4
2026-08-09,07:25:03,24,True,7.009883,100.5056831,26.59,0,3.9,340.5,1.5,0.7,1.3
2026-08-09,07:25:04,24,True,7.0098937,100.5056774,26.12,0,4,345.9,1.5,0.7,1.3
2026-08-09,07:25:05,24,True,7.0099025,100.505672,25.58,0,4,346.6,1.5,0.7,1.3
2026-08-09,07:25:06,24,True,7.009912,100.5056688,25.04,0,3.9,353.1,1.6,0.8,1.4
2026-08-09,07:25:07,24,True,7.0099219,100.5056659,24.5,0,3.8,348.4,1.5,0.7,1.3
2026-08-09,07:25:08,24,True,7.0099321,100.5056611,23.99,0,3.9,345.5,1.4,0.6,1.3
2026-08-09,07:25:09,24,True,7.0099431,100.5056569,23.51,0,4.1,344,1.4,0.7,1.2
2026-08-09,07:25:10,24,True,7.0099503,100.5056496,23.05,0,4.1,346.3,1.4,0.7,1.2
2026-08-09,07:25:11,24,True,7.0099607,100.5056466,22.64,0,4.1,348.7,1.4,0.7,1.2
2026-08-09,07:25:12,24,True,7.0099678,100.5056424,22.25,0,4.1,340.4,1.3,0.6,1.2
2026-08-09,07:25:13,24,True,7.0099775,100.5056396,21.92,0,4.1,343.1,1.3,0.6,1.2
2026-08-09,07:25:14,24,True,7.009987,100.505637,21.62,0,4.1,343.5,1.3,0.6,1.2
2026-08-09,07:25:15,24,True,7.0099968,100.5056352,21.36,0,4.1,348.7,1.4,0.7,1.2
2026-08-09,07:25:16,24,True,7.0100057,100.5056329,21.13,0,4,344.2,1.4,0.7,1.2
2026-08-09,07:25:17,24,True,7.0100165,100.5056311,20.94,0,4.1,345.9,1.3,0.6,1.2
2026-08-09,07:25:18,24,True,7.0100255,100.5056297,20.77,0,4.1,350.7,1.3,0.6,1.2
2026-08-09,07:25:19,24,True,7.0100324,100.5056283,20.64,0,4,345.6,1.3,0.6,1.2
2026-08-09,07:25:20,24,True,7.0100385,100.5056268,20.53,0,3.9,340.8,1.5,0.7,1.3
2026-08-09,07:25:21,24,True,7.0100435,100.505625,20.43,0,3.8,340.1,1.3,0.6,1.2
2026-08-09,07:25:22,24,True,7.0100446,100.5056232,20.34,0,2,305,1.3,0.6,1.2
2026-08-09,07:25:23,24,True,7.0100472,100.5056222,20.27,0,1.6,335,1.4,0.7,1.2
2026-08-09,07:25:24,24,True,7.0100538,100.5056196,20.19,0,2.9,335.2,1.3,0.6,1.2
2026-08-09,07:25:25,24,True,7.0100608,100.5056146,20.11,0,3.1,325.4,1.3,0.6,1.2
2026-08-09,07:25:26,24,True,7.0100676,100.5056124,20.04,0,3.1,340.9,1.3,0.6,1.2
2026-08-09,07:25:27,24,True,7.0100751,100.5056097,19.98,0,2.9,338.3,1.4,0.6,1.2
2026-08-09,07:25:28,24,True,7.0100832,100.5056066,19.91,0,2.8,339.5,1.3,0.6,1.2
2026-08-09,07:25:29,24,True,7.0100935,100.5056049,19.82,0,2.9,347.6,1.5,0.7,1.3
2026-08-09,07:25:30,24,True,7.0101017,100.5056024,19.75,0,2.9,343.7,1.5,0.7,1.4
2026-08-09,07:25:31,24,True,7.01011,100.5056004,19.7,0,3,341.6,1.3,0.6,1.2
2026-08-09,07:25:32,24,True,7.0101198,100.5055976,19.64,0,3.4,340.8,1.5,0.7,1.4
2026-08-09,07:25:33,24,True,7.0101291,100.5055945,19.59,0,3.4,340.6,1.7,0.7,1.5
2026-08-09,07:25:34,24,True,7.010139,100.5055914,19.56,0,3.5,340.7,1.3,0.6,1.2
2026-08-09,07:25:35,24,True,7.0101491,100.5055891,19.54,0,3.5,340.6,1.4,0.7,1.2
2026-08-09,07:25:36,24,True,7.0101585,100.5055864,19.53,0,3.7,340.9,1.4,0.7,1.2
2026-08-09,07:25:37,24,True,7.0101676,100.5055835,19.55,0,3.8,340.4,1.4,0.7,1.2
2026-08-09,07:25:39,24,True,7.0101869,100.5055784,19.57,0,3.9,342.5,1.4,0.7,1.2
2026-08-09,07:25:40,24,True,7.010195,100.505576,19.59,0,3.9,347,1.6,0.8,1.4
2026-08-09,07:25:41,24,True,7.0102049,100.5055736,19.62,0,3.9,347.2,1.6,0.8,1.4
2026-08-09,07:25:42,24,True,7.0102143,100.5055726,19.64,0,3.9,350.3,1.3,0.6,1.2
2026-08-09,07:25:43,24,True,7.0102243,100.5055725,19.67,0,3.9,352.7,1.3,0.6,1.2
2026-08-09,07:25:44,24,True,7.0102349,100.505571,19.69,0,3.9,349,1.3,0.6,1.2
2026-08-09,07:25:45,24,True,7.0102459,100.5055679,19.73,0,3.9,342.9,1.3,0.6,1.2
2026-08-09,07:25:46,24,True,7.0102554,100.5055649,19.79,0,3.9,346.2,1.3,0.6,1.2
2026-08-09,07:25:47,24,True,7.0102656,100.5055613,19.88,0,3.8,345.6,1.3,0.6,1.2
2026-08-09,07:25:48,24,True,7.0102754,100.5055569,19.97,0,3.9,342,1.5,0.7,1.3
2026-08-09,07:25:49,24,True,7.0102838,100.5055547,20.06,0,3.9,343.9,1.3,0.6,1.2
2026-08-09,07:25:50,24,True,7.0102932,100.5055519,20.12,0,3.9,342.6,1.5,0.7,1.3
2026-08-09,07:25:51,24,True,7.0103042,100.50555,20.18,0,3.9,348.5,1.3,0.6,1.1
2026-08-09,07:25:52,24,True,7.0103149,100.5055474,20.23,0,4,345.1,1.3,0.6,1.1
2026-08-09,07:25:53,24,True,7.0103247,100.5055436,20.27,0,3.9,339.8,1.3,0.6,1.1
2026-08-09,07:25:54,24,True,7.0103351,100.5055413,20.28,0,3.9,348.1,1.3,0.6,1.2
2026-08-09,07:25:55,24,True,7.010345,100.5055396,20.23,0,3.7,350.2,1.3,0.6,1.2
2026-08-09,07:25:56,24,True,7.0103555,100.5055357,20.16,0,4.1,338.9,1.3,0.6,1.2
2026-08-09,07:25:57,24,True,7.0103652,100.5055331,20.09,0,4.2,342.9,1.3,0.6,1.2
2026-08-09,07:25:58,24,True,7.0103754,100.5055299,20.03,0,4.2,344.4,1.3,0.6,1.2
2026-08-09,07:25:59,24,True,7.0103854,100.5055263,19.97,0,4.1,341.5,1.3,0.6,1.2
2026-08-09,07:26:00,24,True,7.0103949,100.5055234,19.94,0,4.1,344.4,1.3,0.6,1.1
2026-08-09,07:26:01,24,True,7.0104056,100.5055219,19.91,0,4.1,353.7,1.3,0.6,1.1
2026-08-09,07:26:02,24,True,7.0104134,100.5055202,19.89,0,4,351.1,1.3,0.6,1.1
2026-08-09,07:26:03,24,True,7.0104231,100.5055167,19.88,0,3.9,347,1.3,0.6,1.1
2026-08-09,07:26:04,24,True,7.0104333,100.5055144,19.88,0,3.9,347.2,1.3,0.6,1.2
2026-08-09,07:26:05,24,True,7.0104423,100.5055127,19.89,0,3.8,348.1,1.3,0.6,1.1
2026-08-09,07:26:06,24,True,7.0104518,100.5055094,19.91,0,3.7,337.7,1.3,0.6,1.1
2026-08-09,07:26:07,24,True,7.0104597,100.5055083,19.94,0,3.7,351.3,1.3,0.6,1.2
2026-08-09,07:26:08,24,True,7.0104693,100.5055063,19.96,0,3.7,351,1.3,0.6,1.2
2026-08-09,07:26:09,24,True,7.0104788,100.5055038,19.97,0,3.8,347.4,1.4,0.6,1.3
2026-08-09,07:26:10,24,True,7.0104895,100.5055014,19.99,0,4,348.7,1.3,0.6,1.1
2026-08-09,07:26:11,24,True,7.0104993,100.5054997,20.02,0,4,351.1,1.3,0.6,1.2
2026-08-09,07:26:12,24,True,7.0105091,100.505498,20.03,0,3.9,349.4,1.4,0.7,1.2
2026-08-09,07:26:13,24,True,7.0105185,100.5054965,20.06,0,4,350.4,1.3,0.6,1.2
2026-08-09,07:26:14,24,True,7.0105278,100.5054946,20.09,0,3.9,350.5,1.3,0.6,1.2
2026-08-09,07:26:15,24,True,7.0105371,100.5054933,20.09,0,3.8,354.3,1.4,0.6,1.3
2026-08-09,07:26:16,24,True,7.0105465,100.5054919,20.1,0,3.9,349.2,1.4,0.6,1.3
2026-08-09,07:26:17,24,True,7.0105572,100.50549,20.13,0,3.7,350.4,1.3,0.6,1.1
2026-08-09,07:26:18,24,True,7.0105667,100.505488,20.19,0,3.7,350,1.3,0.6,1.2
2026-08-09,07:26:19,24,True,7.0105761,100.5054861,20.23,0,3.8,351.4,1.4,0.7,1.2
2026-08-09,07:26:20,24,True,7.0105859,100.5054848,20.27,0,3.8,353,1.4,0.7,1.2
2026-08-09,07:26:21,24,True,7.0105956,100.5054822,20.31,0,3.7,346.8,1.3,0.6,1.2
2026-08-09,07:26:22,24,True,7.0106043,100.5054823,20.34,0,3.5,358.9,1.3,0.6,1.2
2026-08-09,07:26:23,24,True,7.0106132,100.505481,20.38,0,3.5,352.2,1.3,0.6,1.1
2026-08-09,07:26:24,24,True,7.0106226,100.5054766,20.41,0,3.4,335.9,1.4,0.7,1.3
2026-08-09,07:26:25,24,True,7.0106337,100.505472,20.44,0,3.6,340.7,1.3,0.6,1.1
2026-08-09,07:26:26,24,True,7.0106459,100.5054678,20.45,0,3.6,341.5,1.3,0.6,1.1
2026-08-09,07:26:27,24,True,7.0106568,100.5054628,20.46,0,3.7,336.9,1.3,0.6,1.2
2026-08-09,07:26:28,24,True,7.0106663,100.5054586,20.48,0,3.7,336.7,1.3,0.6,1.2
2026-08-09,07:26:29,24,True,7.0106741,100.5054552,20.49,0,3.7,336.9,1.3,0.6,1.2
2026-08-09,07:26:30,24,True,7.0106833,100.5054507,20.5,0,3.9,341,1.3,0.6,1.2
2026-08-09,07:26:31,24,True,7.0106925,100.5054471,20.51,0,3.9,345.5,1.3,0.6,1.2
2026-08-09,07:26:32,24,True,7.0107001,100.5054437,20.52,0,3.9,340.8,1.3,0.6,1.2
2026-08-09,07:26:33,24,True,7.0107073,100.5054409,20.51,0,3.8,338,1.3,0.6,1.1
2026-08-09,07:26:34,24,True,7.0107144,100.5054384,20.49,0,3.9,339.8,1.3,0.6,1.1
2026-08-09,07:26:35,24,True,7.0107227,100.505435,20.47,0,3.7,336.2,1.3,0.6,1.2
2026-08-09,07:26:36,24,True,7.0107304,100.5054314,20.45,0,3.8,332.9,1.3,0.6,1.2
2026-08-09,07:26:37,24,True,7.0107359,100.5054263,20.46,0,3.7,317.9,1.3,0.6,1.2
2026-08-09,07:26:38,24,True,7.0107423,100.5054249,20.47,0,3.4,343.1,1.3,0.6,1.1
2026-08-09,07:26:39,24,True,7.0107483,100.5054242,20.47,0,2.6,346.9,1.3,0.6,1.2
2026-08-09,07:26:40,24,True,7.0107533,100.5054212,20.46,0,3.2,331.5,1.3,0.6,1.2
2026-08-09,07:26:41,24,True,7.0107582,100.5054188,20.45,0,3.2,337.9,1.3,0.6,1.2
2026-08-09,07:26:42,24,True,7.0107663,100.5054151,20.47,0,3.2,338,1.3,0.6,1.2
2026-08-09,07:26:43,24,True,7.0107744,100.5054122,20.49,0,3.2,341.9,1.3,0.6,1.1
2026-08-09,07:26:44,24,True,7.0107817,100.5054087,20.51,0,3.2,336.2,1.3,0.6,1.1
2026-08-09,07:26:45,24,True,7.0107895,100.5054054,20.54,0,3.2,338,1.3,0.6,1.1
2026-08-09,07:26:46,24,True,7.0107991,100.505402,20.57,0,3.1,339.9,1.3,0.6,1.2
2026-08-09,07:26:47,24,True,7.010808,100.5053971,20.57,0,3.1,332.2,1.3,0.6,1.2
2026-08-09,07:26:48,24,True,7.010815,100.5053935,20.54,0,3.1,336.9,1.3,0.6,1.1
2026-08-09,07:26:49,24,True,7.0108234,100.5053893,20.52,0,3.4,334.1,1.3,0.6,1.2
2026-08-09,07:26:50,24,True,7.0108324,100.5053846,20.5,0,3.4,333.8,1.3,0.6,1.2
2026-08-09,07:26:51,24,True,7.0108406,100.5053796,20.49,0,3.7,332.6,1.4,0.7,1.2
2026-08-09,07:26:52,24,True,7.0108499,100.5053764,20.48,0,3.7,337.2,1.5,0.7,1.3
2026-08-09,07:26:53,24,True,7.0108566,100.5053729,20.47,0,3.7,329.4,1.6,0.7,1.4
2026-08-09,07:26:54,24,True,7.0108642,100.5053698,20.5,0,3.7,335.6,1.3,0.6,1.2
2026-08-09,07:26:55,24,True,7.0108725,100.505367,20.55,0,3.6,338.7,1.5,0.7,1.3
2026-08-09,07:26:56,24,True,7.0108812,100.505364,20.61,0,3.7,334.3,1.6,0.7,1.5
2026-08-09,07:26:57,24,True,7.0108892,100.5053624,20.67,0,3.7,343.3,1.7,0.7,1.6
2026-08-09,07:26:58,24,True,7.0108973,100.5053606,20.72,0,3.5,346.1,1.6,0.7,1.5
2026-08-09,07:26:59,24,True,7.0109053,100.5053571,20.77,0,3.6,333.1,1.4,0.7,1.3
2026-08-09,07:27:00,24,True,7.0109147,100.5053532,20.82,0,3.7,338.9,1.4,0.7,1.3
2026-08-09,07:27:01,24,True,7.0109237,100.5053483,20.86,0,3.7,334.3,1.4,0.7,1.3
2026-08-09,07:27:02,24,True,7.0109328,100.5053429,20.91,0,3.6,333.8,1.4,0.6,1.3
2026-08-09,07:27:03,24,True,7.0109424,100.5053399,20.97,0,3.6,343.4,1.3,0.6,1.1
2026-08-09,07:27:04,24,True,7.0109517,100.5053364,21.02,0,3.7,335.5,1.3,0.6,1.1
2026-08-09,07:27:05,24,True,7.01096,100.5053327,21.05,0,3.7,328,1.3,0.6,1.1
2026-08-09,07:27:06,24,True,7.0109713,100.5053301,21.06,0,3.7,340.5,1.3,0.6,1.1
2026-08-09,07:27:07,24,True,7.0109811,100.5053277,21.07,0,3.7,338.8,1.3,0.6,1.1
2026-08-09,07:27:08,24,True,7.0109901,100.5053254,21.08,0,3.7,342,1.4,0.7,1.3
2026-08-09,07:27:09,24,True,7.0109978,100.5053225,21.09,0,3.7,342.5,1.3,0.6,1.1
2026-08-09,07:27:10,24,True,7.0110049,100.5053174,21.12,0,3.8,331.6,1.3,0.7,1.1
2026-08-09,07:27:11,24,True,7.0110146,100.5053143,21.16,0,3.8,345.5,1.3,0.6,1.1
2026-08-09,07:27:12,24,True,7.0110231,100.505312,21.22,0,3.6,343.8,1.5,0.7,1.3
2026-08-09,07:27:13,24,True,7.0110331,100.5053096,21.28,0,3.7,344.6,1.3,0.6,1.1
2026-08-09,07:27:14,24,True,7.0110439,100.5053064,21.35,0,3.7,341.1,1.3,0.6,1.1
2026-08-09,07:27:15,24,True,7.0110529,100.5053033,21.41,0,3.8,338.7,1.3,0.6,1.1
2026-08-09,07:27:16,24,True,7.0110626,100.5052998,21.43,0,3.8,338.7,1.3,0.6,1.1
2026-08-09,07:27:17,24,True,7.0110718,100.5052942,21.45,0,3.8,331.5,1.3,0.6,1.1
2026-08-09,07:27:18,24,True,7.0110814,100.5052904,21.44,0,3.8,338.9,1.3,0.6,1.1
2026-08-09,07:27:19,24,True,7.0110912,100.5052859,21.41,0,4.1,336.2,1.3,0.6,1.1
2026-08-09,07:27:20,24,True,7.0110994,100.5052812,21.38,0,4,330.4,1.3,0.6,1.1
2026-08-09,07:27:21,24,True,7.0111099,100.5052783,21.35,0,4.3,343.1,1.3,0.6,1.1
2026-08-09,07:27:22,24,True,7.0111213,100.5052736,21.3,0,4.3,337.7,1.3,0.6,1.1
2026-08-09,07:27:23,24,True,7.0111325,100.5052699,21.26,0,4.3,341,1.4,0.7,1.2
2026-08-09,07:27:24,24,True,7.0111418,100.5052646,21.23,0,4.3,333.4,1.3,0.6,1.1
2026-08-09,07:27:25,24,True,7.0111503,100.5052604,21.23,0,4.3,337.2,1.3,0.6,1.1
2026-08-09,07:27:26,24,True,7.0111598,100.5052558,21.24,0,4.3,334.8,1.3,0.6,1.1
2026-08-09,07:27:27,24,True,7.011169,100.5052519,21.24,0,4.3,336.8,1.3,0.6,1.1
2026-08-09,07:27:28,24,True,7.0111772,100.5052485,21.25,0,4.2,339.4,1.3,0.6,1.1
2026-08-09,07:27:29,24,True,7.0111867,100.5052456,21.26,0,4.1,341.8,1.3,0.6,1.1
2026-08-09,07:27:30,24,True,7.0111955,100.5052421,21.28,0,4,336.1,1.3,0.6,1.1
2026-08-09,07:27:31,24,True,7.0112053,100.5052381,21.29,0,4.1,337.8,1.3,0.6,1.1
2026-08-09,07:27:32,24,True,7.011216,100.5052338,21.3,0,4.1,339.7,1.3,0.6,1.1
2026-08-09,07:27:33,24,True,7.0112259,100.5052298,21.31,0,4,336.9,1.3,0.6,1.1
2026-08-09,07:27:34,24,True,7.0112364,100.5052266,21.33,0,4,341.7,1.3,0.6,1.1
2026-08-09,07:27:35,24,True,7.0112472,100.505224,21.39,0,3.9,345.4,1.3,0.6,1.1
2026-08-09,07:27:36,24,True,7.0112569,100.5052207,21.45,0,4.1,338.7,1.3,0.6,1.1
2026-08-09,07:27:37,24,True,7.0112659,100.5052169,21.51,0,4.1,334.4,1.3,0.6,1.1
2026-08-09,07:27:38,24,True,7.0112737,100.5052144,21.56,0,4,339.8,1.3,0.6,1.1
2026-08-09,07:27:39,24,True,7.0112814,100.5052115,21.62,0,4,337.7,1.4,0.7,1.2
2026-08-09,07:27:40,24,True,7.0112891,100.5052088,21.67,0,4.1,338.9,1.4,0.7,1.2
2026-08-09,07:27:41,24,True,7.0112954,100.5052074,21.73,0,4,338.3,1.4,0.7,1.2
2026-08-09,07:27:42,24,True,7.0113031,100.5052049,21.76,0,4,339,1.3,0.7,1.2
2026-08-09,07:27:43,24,True,7.0113112,100.5052007,21.79,0,3.5,328,1.3,0.7,1.2
2026-08-09,07:27:44,24,True,7.0113183,100.5051978,21.81,0,3.4,336.3,1.2,0.6,1.1
2026-08-09,07:27:45,24,True,7.0113239,100.5051963,21.86,0,3.4,342,1.3,0.6,1.1
2026-08-09,07:27:46,24,True,7.0113311,100.5051939,21.94,0,3.3,337.9,1.2,0.6,1.1
2026-08-09,07:27:47,24,True,7.0113386,100.5051906,22.05,0,3.3,339.2,1.3,0.6,1.1
2026-08-09,07:27:48,24,True,7.0113487,100.5051859,22.17,0,3.4,336.1,1.2,0.6,1.1
2026-08-09,07:27:49,24,True,7.0113582,100.5051815,22.27,0,3.3,334.1,1.3,0.6,1.1
2026-08-09,07:27:50,24,True,7.0113669,100.5051775,22.36,0,3.4,336.7,1.2,0.6,1
2026-08-09,07:27:51,24,True,7.0113766,100.5051732,22.43,0,3.5,336,1.2,0.6,1
2026-08-09,07:27:52,24,True,7.0113841,100.5051695,22.53,0,3.5,339.6,1.2,0.6,1
2026-08-09,07:27:53,24,True,7.0113918,100.5051657,22.6,0,3.7,335.4,1.2,0.6,1
2026-08-09,07:27:54,24,True,7.0114007,100.50516,22.66,0,4.1,328.8,1.2,0.6,1.1
2026-08-09,07:27:55,24,True,7.0114105,100.5051554,22.72,0,4.2,334.6,1.2,0.6,1
2026-08-09,07:27:56,24,True,7.0114197,100.5051523,22.77,0,4.2,340.3,1.2,0.6,1
2026-08-09,07:27:57,24,True,7.0114286,100.5051489,22.83,0,4.2,334.9,1.2,0.6,1
2026-08-09,07:27:58,24,True,7.0114369,100.5051452,22.92,0,4.1,336.4,1.2,0.6,1
2026-08-09,07:27:59,24,True,7.0114444,100.5051428,23.02,0,4.2,337.8,1.2,0.6,1
2026-08-09,07:28:00,24,True,7.0114519,100.5051404,23.1,0,3.9,338.7,1.2,0.6,1
2026-08-09,07:28:01,24,True,7.0114614,100.5051368,23.16,0,3.9,339.3,1.2,0.6,1
2026-08-09,07:28:02,24,True,7.0114687,100.5051339,23.22,0,3.9,340,1.2,0.6,1
2026-08-09,07:28:03,24,True,7.0114772,100.5051298,23.28,0,3.9,335.1,1.2,0.6,1
2026-08-09,07:28:04,24,True,7.0114864,100.5051246,23.34,0,3.9,332.7,1.2,0.6,1
2026-08-09,07:28:05,24,True,7.0114957,100.5051205,23.39,0,3.9,334.5,1.2,0.6,1
2026-08-09,07:28:06,24,True,7.0115038,100.5051177,23.47,0,3.4,328.7,1.2,0.6,1
2026-08-09,07:28:07,24,True,7.0115125,100.5051151,23.54,0,3.7,339.9,1.2,0.6,1
2026-08-09,07:28:08,24,True,7.0115225,100.5051104,23.61,0,3.9,333.6,1.2,0.6,1
2026-08-09,07:28:09,24,True,7.0115332,100.505106,23.68,0,4,336,1.2,0.6,1
2026-08-09,07:28:10,24,True,7.0115435,100.5051025,23.75,0,4,338.7,1.2,0.6,1
2026-08-09,07:28:11,24,True,7.0115532,100.5050991,23.8,0,4.1,337.3,1.2,0.6,1
2026-08-09,07:28:12,24,True,7.0115629,100.5050956,23.84,0,4,336.6,1.2,0.6,1
2026-08-09,07:28:13,24,True,7.0115713,100.5050924,23.9,0,4,335.5,1.1,0.6,1
2026-08-09,07:28:14,24,True,7.0115802,100.5050888,23.95,0,4.1,336.8,1.1,0.6,1
2026-08-09,07:28:16,24,True,7.0115969,100.5050795,24.04,0,4,328.3,1.1,0.6,1
2026-08-09,07:28:16,24,True,7.0115969,100.5050795,24.04,0,4,328.3,1.1,0.6,1
2026-08-09,07:28:17,24,True,7.0116046,100.5050752,24.09,0,4,332,1.1,0.6,1
2026-08-09,07:28:19,24,True,7.0116186,100.5050602,24.24,0,3.9,304.8,1.2,0.6,1.1
2026-08-09,07:28:20,24,True,7.0116227,100.5050494,24.34,0,3.9,286.9,1.3,0.6,1.2
2026-08-09,07:28:21,24,True,7.0116265,100.5050353,24.43,0,3.9,281.6,1.4,0.6,1.2
2026-08-09,07:28:22,24,True,7.0116277,100.505023,24.48,0,3.9,282.1,1.2,0.6,1.1
2026-08-09,07:28:23,24,True,7.0116274,100.5050119,24.51,0,3.9,281.8,1.2,0.6,1.1
2026-08-09,07:28:24,24,True,7.0116259,100.5050031,24.55,0,3.9,278.4,1.2,0.6,1.1
2026-08-09,07:28:25,24,True,7.0116265,100.5049936,24.58,0,4,277.9,1.2,0.6,1.1
2026-08-09,07:28:26,24,True,7.0116269,100.5049851,24.63,0,4,275,1.4,0.6,1.3
2026-08-09,07:28:27,24,True,7.0116266,100.5049765,24.69,0,3.9,269.7,1.2,0.6,1.1
2026-08-09,07:28:28,24,True,7.0116276,100.5049654,24.77,0,4,273.2,1.2,0.6,1
2026-08-09,07:28:29,24,True,7.0116298,100.5049549,24.86,0,3.9,279.5,1.2,0.6,1
2026-08-09,07:28:30,24,True,7.0116318,100.5049443,24.97,0,3.9,278.5,1.2,0.6,1
2026-08-09,07:28:31,24,True,7.011633,100.5049352,25.1,0,3.9,276.6,1.2,0.6,1.1
2026-08-09,07:28:32,24,True,7.0116337,100.5049278,25.22,0,3.8,275,1.1,0.6,1
2026-08-09,07:28:33,24,True,7.0116342,100.5049191,25.36,0,3.6,272.8,1.2,0.6,1.1
2026-08-09,07:28:34,24,True,7.0116343,100.5049087,25.49,0,3.7,270.7,1.2,0.6,1.1
2026-08-09,07:28:35,24,True,7.0116324,100.5048984,25.6,0,3.7,259.7,1.1,0.6,1
2026-08-09,07:28:36,24,True,7.0116318,100.5048871,25.71,0,3.7,267.5,1.1,0.6,1
2026-08-09,07:28:37,24,True,7.0116308,100.5048752,25.82,0,3.9,266.1,1.2,0.6,1.1
2026-08-09,07:28:38,24,True,7.0116302,100.5048635,25.92,0,3.9,269.5,1.1,0.6,1
2026-08-09,07:28:39,24,True,7.0116292,100.5048522,26.01,0,3.9,265.5,1.2,0.6,1.1
2026-08-09,07:28:40,24,True,7.0116286,100.5048416,26.09,0,4,266.3,1.3,0.6,1.2
2026-08-09,07:28:41,24,True,7.0116275,100.5048298,26.16,0,4,263.5,1.3,0.6,1.2
2026-08-09,07:28:42,24,True,7.0116261,100.5048181,26.24,0,4.2,262.8,1.3,0.6,1.2
2026-08-09,07:28:43,24,True,7.0116243,100.5048078,26.31,0,4.2,259.3,1.2,0.6,1
2026-08-09,07:28:44,24,True,7.0116221,100.5047973,26.35,0,4.2,257.9,1.2,0.6,1.1
2026-08-09,07:28:45,24,True,7.0116194,100.5047867,26.39,0,4.3,258.9,1.1,0.6,1
2026-08-09,07:28:46,24,True,7.0116165,100.504776,26.41,0,4.3,256.5,1.3,0.6,1.2
2026-08-09,07:28:47,24,True,7.0116127,100.504765,26.44,0,4.4,254.3,1.3,0.6,1.2
2026-08-09,07:28:48,24,True,7.0116106,100.5047539,26.48,0,4.4,257,1.3,0.6,1.1
2026-08-09,07:28:49,24,True,7.0116075,100.5047433,26.53,0,4.4,254,1.2,0.6,1.1
2026-08-09,07:28:50,24,True,7.0116034,100.5047332,26.56,0,4.4,247.8,1.2,0.6,1.1
2026-08-09,07:28:51,24,True,7.0115998,100.5047225,26.59,0,4.4,250,1.3,0.6,1.2
2026-08-09,07:28:52,24,True,7.0115953,100.5047126,26.63,0,4.4,246.6,1.2,0.6,1.1
2026-08-09,07:28:53,24,True,7.0115903,100.5047024,26.69,0,4.3,248.2,1.1,0.6,1
2026-08-09,07:28:54,24,True,7.0115861,100.5046938,26.76,0,4.4,249.3,1.2,0.6,1
2026-08-09,07:28:55,24,True,7.0115812,100.5046847,26.82,0,4.4,247.3,1.4,0.6,1.3
2026-08-09,07:28:56,24,True,7.0115773,100.5046752,26.88,0,4.4,249.2,1.1,0.6,1
2026-08-09,07:28:57,24,True,7.0115728,100.5046661,26.94,0,4.4,243.2,1.2,0.6,1.1
2026-08-09,07:28:58,24,True,7.0115685,100.5046568,26.96,0,4.3,246.2,1.3,0.6,1.2
2026-08-09,07:28:59,24,True,7.0115641,100.5046486,26.99,0,4.3,244.7,1.3,0.6,1.2
2026-08-09,07:29:00,24,True,7.0115605,100.5046399,27.01,0,4.3,249.2,1.3,0.6,1.1
2026-08-09,07:29:01,24,True,7.0115568,100.5046311,27.05,0,4.2,249.6,1.2,0.6,1
2026-08-09,07:29:02,24,True,7.0115532,100.5046226,27.09,0,4.2,247,1.1,0.6,1
2026-08-09,07:29:03,24,True,7.0115489,100.5046138,27.14,0,4.2,243.4,1.2,0.6,1.1
2026-08-09,07:29:04,24,True,7.011544,100.5046048,27.18,0,4.2,242.3,1.2,0.6,1.1
2026-08-09,07:29:05,24,True,7.0115396,100.5045955,27.21,0,4.2,245.2,1.2,0.6,1.1
2026-08-09,07:29:06,24,True,7.0115355,100.5045867,27.23,0,4.2,244.8,1.2,0.6,1.1
2026-08-09,07:29:07,24,True,7.0115318,100.5045772,27.27,0,4,247.3,1.2,0.6,1.1
2026-08-09,07:29:08,24,True,7.0115275,100.5045679,27.29,0,4.1,243.3,1.2,0.6,1.1
2026-08-09,07:29:09,24,True,7.0115231,100.504559,27.31,0,4,242.4,1.2,0.6,1.1
2026-08-09,07:29:10,24,True,7.0115189,100.5045502,27.32,0,4.1,244.2,1.2,0.6,1.1
2026-08-09,07:29:11,24,True,7.011514,100.5045411,27.34,0,4.1,242.2,1.2,0.6,1.1
2026-08-09,07:29:12,24,True,7.0115093,100.5045325,27.36,0,4,242.3,1.2,0.6,1.1
2026-08-09,07:29:13,24,True,7.0115048,100.504523,27.37,0,4.1,245.1,1.1,0.6,1
2026-08-09,07:29:14,24,True,7.0115005,100.5045137,27.39,0,4.1,244,1.2,0.6,1.1
2026-08-09,07:29:15,24,True,7.0114961,100.5045042,27.4,0,4.1,244.8,1.2,0.6,1.1
2026-08-09,07:29:16,24,True,7.0114915,100.5044956,27.4,0,4,241.4,1.2,0.6,1.1
2026-08-09,07:29:17,24,True,7.0114871,100.5044872,27.39,0,4,241.6,1.1,0.6,1
2026-08-09,07:29:18,24,True,7.0114823,100.504478,27.38,0,4.1,240.9,1.1,0.6,1
2026-08-09,07:29:19,24,True,7.0114775,100.5044689,27.36,0,4.1,242.5,1.1,0.6,1
2026-08-09,07:29:20,24,True,7.0114719,100.5044606,27.33,0,4.1,237.6,1.1,0.6,1
2026-08-09,07:29:21,24,True,7.011467,100.5044516,27.31,0,4.1,244.9,1.1,0.6,1
2026-08-09,07:29:22,24,True,7.0114627,100.5044433,27.3,0,4,244.5,1.1,0.6,1
2026-08-09,07:29:23,24,True,7.0114581,100.5044352,27.28,0,4,240.7,1.1,0.6,1
2026-08-09,07:29:24,24,True,7.0114532,100.5044275,27.28,0,4,237.8,1.1,0.6,1
2026-08-09,07:29:25,24,True,7.0114487,100.5044184,27.31,0,4,242.9,1.1,0.6,1
2026-08-09,07:29:26,24,True,7.0114436,100.5044101,27.37,0,4,242.6,1.2,0.6,1.1
2026-08-09,07:29:27,24,True,7.0114398,100.5044012,27.43,0,4,246.5,1.2,0.6,1.1
2026-08-09,07:29:28,24,True,7.0114347,100.504393,27.47,0,4,238.8,1.2,0.6,1.1
2026-08-09,07:29:29,24,True,7.0114298,100.5043846,27.51,0,4,240.5,1.2,0.6,1.1
2026-08-09,07:29:30,24,True,7.0114258,100.504376,27.55,0,4,242.9,1.1,0.6,1
2026-08-09,07:29:31,24,True,7.0114207,100.5043678,27.57,0,3.9,239.2,1.1,0.6,1
2026-08-09,07:29:32,24,True,7.0114159,100.5043595,27.58,0,3.9,239.2,1.1,0.6,1
2026-08-09,07:29:33,24,True,7.0114114,100.5043514,27.6,0,3.9,240.1,1.1,0.6,1
2026-08-09,07:29:34,24,True,7.0114078,100.5043434,27.61,0,3.9,245.7,1.1,0.6,1
2026-08-09,07:29:35,24,True,7.0114039,100.5043371,27.62,0,3.9,240.6,1.2,0.6,1.1
2026-08-09,07:29:36,24,True,7.0113997,100.5043307,27.63,0,3.8,240.4,1.2,0.6,1.1
2026-08-09,07:29:37,24,True,7.0113974,100.5043273,27.65,0,2.9,239.8,1.1,0.6,1
2026-08-09,07:29:38,24,True,7.0113948,100.5043231,27.65,0,2.1,237.3,1.1,0.6,1
2026-08-09,07:29:39,24,True,7.0113917,100.5043187,27.69,0,2.1,250.2,1.2,0.6,1.1
2026-08-09,07:29:40,24,True,7.0113891,100.5043148,27.73,0,2,250.8,1.1,0.5,0.9
2026-08-09,07:29:41,24,True,7.011385,100.5043084,27.77,0,3,238.1,1.1,0.5,0.9
2026-08-09,07:29:42,24,True,7.011382,100.5043014,27.8,0,3,243.6,1.1,0.6,1
2026-08-09,07:29:43,24,True,7.0113784,100.5042933,27.82,0,3,243.2,1.2,0.6,1
2026-08-09,07:29:44,24,True,7.0113735,100.504285,27.85,0,3,239,1.2,0.6,1
2026-08-09,07:29:45,24,True,7.0113679,100.5042758,27.9,0,3.9,239.1,1.1,0.6,1
2026-08-09,07:29:46,24,True,7.0113625,100.5042667,27.92,0,4.2,239.1,1.1,0.5,0.9
2026-08-09,07:29:47,24,True,7.0113569,100.5042577,27.92,0,3.2,239.2,1.2,0.6,1
2026-08-09,07:29:48,24,True,7.0113522,100.504249,27.92,0,3.7,243.1,1.1,0.6,1
2026-08-09,07:29:49,24,True,7.0113485,100.5042403,27.92,0,3.9,248.1,1.1,0.5,0.9
2026-08-09,07:29:50,24,True,7.0113446,100.5042311,27.94,0,4,245.9,1.1,0.6,1
2026-08-09,07:29:51,24,True,7.0113394,100.5042222,27.96,0,4.1,239.8,1.1,0.5,0.9
2026-08-09,07:29:52,24,True,7.0113344,100.504213,27.99,0,4.1,241.7,1.1,0.6,1
2026-08-09,07:29:53,24,True,7.0113293,100.5042033,28.03,0,4.1,243,1.1,0.6,1
2026-08-09,07:29:54,24,True,7.0113236,100.504194,28.07,0,4.2,239.9,1.1,0.5,0.9
2026-08-09,07:29:55,24,True,7.0113185,100.5041853,28.1,0,4.1,240.3,1.1,0.5,0.9
2026-08-09,07:29:56,24,True,7.0113127,100.5041765,28.14,0,4.1,237.5,1.1,0.5,0.9
2026-08-09,07:29:57,24,True,7.0113076,100.5041677,28.19,0,4.2,241,1.1,0.5,0.9
2026-08-09,07:29:58,24,True,7.0113028,100.5041584,28.25,0,4.2,244.2,1.1,0.5,0.9
2026-08-09,07:29:59,24,True,7.0112984,100.5041487,28.31,0,4.2,246.6,1.1,0.6,1
2026-08-09,07:30:00,24,True,7.0112939,100.50414,28.36,0,4.2,241.9,1.1,0.6,1
2026-08-09,07:30:01,24,True,7.0112892,100.5041314,28.4,0,4.2,241.6,1.1,0.5,0.9
2026-08-09,07:30:02,24,True,7.0112839,100.5041226,28.44,0,4.2,239,1.1,0.5,0.9
2026-08-09,07:30:03,24,True,7.011279,100.5041137,28.48,0,4.2,240.1,1.1,0.5,0.9
2026-08-09,07:30:04,24,True,7.0112742,100.5041047,28.52,0,4.1,240.8,1.1,0.5,0.9
2026-08-09,07:30:05,24,True,7.0112695,100.5040958,28.55,0,4.1,241.5,1.1,0.5,0.9
2026-08-09,07:30:06,24,True,7.0112654,100.5040872,28.55,0,4,244.3,1.1,0.6,1
2026-08-09,07:30:07,24,True,7.0112606,100.5040784,28.54,0,4,241.4,1.1,0.6,1
2026-08-09,07:30:08,24,True,7.0112555,100.5040697,28.52,0,4.1,239.9,1.1,0.6,1
2026-08-09,07:30:09,24,True,7.0112506,100.5040615,28.51,0,4,240,1.1,0.5,0.9
2026-08-09,07:30:10,24,True,7.0112469,100.5040523,28.51,0,4,248.5,1.1,0.6,1
2026-08-09,07:30:11,24,True,7.0112419,100.5040432,28.52,0,4,243.1,1.1,0.5,0.9
2026-08-09,07:30:12,24,True,7.0112367,100.504035,28.52,0,4,239.3,1.1,0.6,1
2026-08-09,07:30:13,24,True,7.0112328,100.5040267,28.53,0,4,245.9,1.1,0.5,0.9
2026-08-09,07:30:14,24,True,7.0112284,100.5040189,28.54,0,4,241.9,1.1,0.5,0.9
2026-08-09,07:30:15,24,True,7.011223,100.5040105,28.55,0,3.9,237.1,1.1,0.6,1
2026-08-09,07:30:16,24,True,7.0112179,100.5040015,28.55,0,3.9,239.8,1.1,0.5,0.9
2026-08-09,07:30:17,24,True,7.0112131,100.5039926,28.56,0,4,241.2,1.1,0.6,1
2026-08-09,07:30:18,24,True,7.0112086,100.5039844,28.56,0,3.9,243.8,1.1,0.5,0.9
2026-08-09,07:30:19,24,True,7.0112051,100.503976,28.57,0,3.9,250.6,1.1,0.5,0.9
2026-08-09,07:30:20,24,True,7.0112004,100.5039676,28.58,0,3.9,242.8,1.1,0.5,0.9
2026-08-09,07:30:21,24,True,7.0111953,100.5039599,28.59,0,3.8,236.9,1.1,0.5,0.9
2026-08-09,07:30:22,24,True,7.0111909,100.5039518,28.58,0,3.7,240.3,1.2,0.6,1
2026-08-09,07:30:23,24,True,7.0111861,100.5039439,28.58,0,3.7,238.1,1.1,0.6,1
2026-08-09,07:30:24,24,True,7.011181,100.5039364,28.56,0,3.7,236.4,1.2,0.6,1
2026-08-09,07:30:25,24,True,7.0111756,100.5039278,28.55,0,3.7,240.8,1.1,0.6,1
2026-08-09,07:30:26,24,True,7.0111703,100.5039193,28.53,0,3.7,241.3,1.2,0.6,1
2026-08-09,07:30:27,24,True,7.0111662,100.503911,28.5,0,3.7,242,1.1,0.5,1
2026-08-09,07:30:28,24,True,7.0111618,100.5039015,28.46,0,3.7,242,1.2,0.6,1
2026-08-09,07:30:29,24,True,7.0111579,100.5038927,28.4,0,3.7,240.4,1.2,0.6,1
2026-08-09,07:30:30,24,True,7.0111534,100.503884,28.34,0,3.8,240.6,1.2,0.6,1
2026-08-09,07:30:31,24,True,7.011149,100.5038749,28.29,0,3.8,243.8,1.1,0.5,1
2026-08-09,07:30:32,24,True,7.011144,100.5038667,28.24,0,3.8,236.9,1.2,0.6,1
2026-08-09,07:30:33,24,True,7.0111387,100.503858,28.2,0,3.8,235.6,1.2,0.6,1
2026-08-09,07:30:34,24,True,7.0111347,100.5038486,28.14,0,3.8,243.4,1.1,0.5,1
2026-08-09,07:30:35,24,True,7.0111303,100.5038398,28.07,0,3.9,239.2,1.2,0.6,1
2026-08-09,07:30:36,24,True,7.0111264,100.503831,28.01,0,3.9,242.5,1.2,0.6,1
2026-08-09,07:30:37,24,True,7.0111229,100.5038224,27.96,0,3.9,243.7,1.2,0.6,1
2026-08-09,07:30:38,24,True,7.0111189,100.5038136,27.91,0,3.9,240.3,1.2,0.6,1
2026-08-09,07:30:39,24,True,7.0111153,100.5038042,27.86,0,3.9,246,1.2,0.6,1
2026-08-09,07:30:40,24,True,7.0111107,100.5037948,27.82,0,3.9,243.3,1.2,0.6,1
2026-08-09,07:30:41,24,True,7.0111044,100.5037853,27.77,0,3.9,236.1,1.2,0.6,1
2026-08-09,07:30:42,24,True,7.0110997,100.5037771,27.73,0,3.9,238.1,1.2,0.6,1
2026-08-09,07:30:43,24,True,7.0110954,100.5037675,27.67,0,3.9,242.1,1.2,0.6,1
2026-08-09,07:30:44,24,True,7.0110911,100.5037578,27.6,0,3.9,243.6,1.1,0.5,1
2026-08-09,07:30:46,24,True,7.0110822,100.5037378,27.49,0,3.9,246.6,1.1,0.5,1
2026-08-09,07:30:47,24,True,7.0110779,100.5037285,27.44,0,3.9,241.9,1.1,0.5,1
2026-08-09,07:30:48,24,True,7.0110746,100.5037177,27.38,0,3.9,243.9,1.1,0.5,0.9
2026-08-09,07:30:49,24,True,7.0110722,100.5037053,27.3,0,3.8,247.7,1.1,0.5,0.9
2026-08-09,07:30:50,24,True,7.0110678,100.5036916,27.21,0,3.9,239.8,1.1,0.5,1
2026-08-09,07:30:51,24,True,7.0110624,100.5036796,27.1,0,3.9,243.1,1.1,0.5,1
2026-08-09,07:30:52,24,True,7.0110571,100.5036704,26.99,0,3.9,240.3,1.2,0.6,1
2026-08-09,07:30:53,24,True,7.0110527,100.5036615,26.87,0,3.9,244.4,1.2,0.6,1
2026-08-09,07:30:54,24,True,7.0110481,100.5036519,26.77,0,4,244,1.1,0.5,1
2026-08-09,07:30:55,24,True,7.0110438,100.5036426,26.68,0,4,242.8,1.2,0.6,1
2026-08-09,07:30:56,24,True,7.0110389,100.5036336,26.59,0,4,241.5,1.1,0.5,1
2026-08-09,07:30:57,24,True,7.0110334,100.5036246,26.51,0,4,239.6,1.1,0.5,1
2026-08-09,07:30:58,24,True,7.0110289,100.5036146,26.44,0,4,246.9,1.1,0.5,1
2026-08-09,07:30:59,24,True,7.011024,100.5036054,26.38,0,4.1,241.9,1.1,0.5,1
2026-08-09,07:31:00,24,True,7.0110189,100.5035972,26.3,0,4,238.7,1.2,0.6,1
2026-08-09,07:31:01,24,True,7.0110137,100.5035877,26.21,0,4,241.9,1.1,0.5,1
2026-08-09,07:31:02,24,True,7.0110087,100.5035791,26.12,0,4,240.5,1.1,0.5,1
2026-08-09,07:31:03,24,True,7.0110039,100.5035703,26.03,0,4.1,242.7,1.1,0.5,1
2026-08-09,07:31:04,24,True,7.0109985,100.5035613,25.96,0,4.1,239.9,1.2,0.6,1
2026-08-09,07:31:05,24,True,7.0109943,100.5035525,25.89,0,4,244.1,1.1,0.5,1
2026-08-09,07:31:06,24,True,7.0109904,100.5035427,25.84,0,4.1,247.3,1.2,0.6,1
2026-08-09,07:31:07,24,True,7.0109863,100.5035338,25.78,0,4.1,245.2,1.2,0.6,1
2026-08-09,07:31:08,24,True,7.0109813,100.5035251,25.74,0,4,242,1.1,0.5,1
2026-08-09,07:31:09,24,True,7.0109762,100.5035171,25.69,0,4,240.3,1.1,0.5,1
2026-08-09,07:31:10,24,True,7.0109712,100.5035088,25.66,0,3.9,242,1.1,0.5,1
2026-08-09,07:31:11,24,True,7.0109661,100.5034993,25.63,0,4,243.4,1.1,0.5,1
2026-08-09,07:31:12,24,True,7.0109615,100.5034897,25.62,0,4,245.2,1.1,0.5,1
2026-08-09,07:31:13,24,True,7.010957,100.5034809,25.6,0,4,242.2,1.1,0.5,1
2026-08-09,07:31:14,24,True,7.0109522,100.5034717,25.6,0,4,242.4,1.1,0.5,1
2026-08-09,07:31:15,24,True,7.0109479,100.5034623,25.59,0,4,246.4,1.1,0.5,1
2026-08-09,07:31:16,24,True,7.0109436,100.5034535,25.58,0,4,247.5,1.2,0.6,1
2026-08-09,07:31:17,24,True,7.0109385,100.5034451,25.56,0,3.9,243.6,1.2,0.6,1
2026-08-09,07:31:18,24,True,7.010933,100.5034364,25.55,0,4,241.7,1.2,0.6,1
2026-08-09,07:31:19,24,True,7.0109269,100.5034272,25.57,0,4,238.2,1.2,0.6,1
2026-08-09,07:31:20,24,True,7.010921,100.5034184,25.6,0,4,238.2,1.2,0.6,1
2026-08-09,07:31:21,24,True,7.0109153,100.5034109,25.61,0,4,235.7,1.2,0.6,1
2026-08-09,07:31:22,24,True,7.0109098,100.5034024,25.63,0,4,240.2,1.2,0.6,1
2026-08-09,07:31:23,24,True,7.0109036,100.5033944,25.64,0,3.9,237.6,1.2,0.6,1
2026-08-09,07:31:24,24,True,7.0108974,100.503386,25.63,0,4,237.8,1.2,0.6,1
2026-08-09,07:31:25,24,True,7.010892,100.5033764,25.63,0,4,244.9,1.2,0.6,1
2026-08-09,07:31:26,24,True,7.0108869,100.5033674,25.64,0,4,243.1,1.2,0.6,1
2026-08-09,07:31:27,24,True,7.0108811,100.5033591,25.65,0,4,234,1.2,0.6,1
2026-08-09,07:31:28,24,True,7.0108777,100.503351,25.66,0,4,241.8,1.1,0.5,1
2026-08-09,07:31:29,24,True,7.0108726,100.5033424,25.69,0,4,238.2,1.2,0.6,1.1
2026-08-09,07:31:30,24,True,7.010867,100.5033338,25.72,0,4,238.6,1.2,0.6,1.1
2026-08-09,07:31:31,24,True,7.0108617,100.503326,25.75,0,4,241.1,1.2,0.6,1.1
2026-08-09,07:31:32,24,True,7.0108568,100.5033194,25.78,0,4,236.4,1.2,0.6,1.1
2026-08-09,07:31:33,24,True,7.010852,100.503311,25.81,0,3.9,240.8,1.2,0.6,1.1
2026-08-09,07:31:34,24,True,7.0108473,100.5033027,25.86,0,3.9,239.7,1.2,0.6,1.1
2026-08-09,07:31:35,24,True,7.0108422,100.5032949,25.94,0,3.7,236.9,1.1,0.5,1
2026-08-09,07:31:36,24,True,7.0108375,100.5032876,26.01,0,3.8,235.8,1.1,0.5,1
2026-08-09,07:31:37,24,True,7.0108329,100.5032793,26.06,0,3.8,241.4,1.2,0.6,1.1
2026-08-09,07:31:38,24,True,7.0108281,100.503271,26.1,0,3.6,240.1,1.1,0.5,1
2026-08-09,07:31:39,24,True,7.0108227,100.5032618,26.13,0,3.8,239.1,1.2,0.6,1.1
2026-08-09,07:31:40,24,True,7.0108179,100.5032527,26.17,0,3.9,243.1,1.2,0.6,1.1
2026-08-09,07:31:41,24,True,7.010813,100.5032449,26.2,0,3.6,239,1.2,0.6,1.1
2026-08-09,07:31:42,24,True,7.010808,100.5032364,26.24,0,3.9,239.4,1.1,0.5,1
2026-08-09,07:31:43,24,True,7.0108028,100.5032277,26.29,0,3.9,239.4,1.1,0.5,1
2026-08-09,07:31:44,24,True,7.0107983,100.5032195,26.34,0,3.9,240.1,1.1,0.5,1
2026-08-09,07:31:45,24,True,7.0107933,100.5032109,26.36,0,3.8,239.3,1.2,0.6,1.1
2026-08-09,07:31:46,24,True,7.0107882,100.5032014,26.39,0,3.8,240.4,1.2,0.6,1.1
2026-08-09,07:31:47,24,True,7.0107829,100.5031923,26.43,0,3.9,239.8,1.1,0.5,1
2026-08-09,07:31:48,24,True,7.0107779,100.5031838,26.48,0,3.9,240.4,1.2,0.6,1.1
2026-08-09,07:31:49,24,True,7.0107726,100.5031753,26.53,0,3.9,238.8,1.1,0.5,1
2026-08-09,07:31:50,24,True,7.0107671,100.5031663,26.57,0,3.9,239.3,1.1,0.5,1
2026-08-09,07:31:51,24,True,7.0107622,100.5031579,26.62,0,3.9,238.6,1.1,0.5,1
2026-08-09,07:31:52,24,True,7.010757,100.5031481,26.7,0,3.8,242.3,1.2,0.6,1.1
2026-08-09,07:31:53,24,True,7.0107512,100.5031393,26.79,0,3.9,240.2,1.2,0.6,1.1
2026-08-09,07:31:54,24,True,7.0107461,100.5031304,26.88,0,3.9,242.6,1.1,0.5,1
2026-08-09,07:31:55,24,True,7.0107399,100.5031224,26.95,0,3.9,233.8,1.2,0.6,1.1
2026-08-09,07:31:56,24,True,7.0107342,100.5031141,26.98,0,3.7,234.9,1.1,0.5,1
2026-08-09,07:31:57,24,True,7.0107283,100.5031055,27,0,3.9,234.5,1.1,0.5,1
2026-08-09,07:31:58,24,True,7.0107226,100.5030966,27.01,0,4,237.7,1.1,0.5,1
2026-08-09,07:31:59,24,True,7.0107172,100.5030887,27.03,0,4,235.3,1.1,0.5,1
2026-08-09,07:32:00,24,True,7.0107121,100.5030801,27.04,0,4,238.8,1.2,0.6,1.1
2026-08-09,07:32:01,24,True,7.0107069,100.5030711,27.05,0,4,241.4,1.2,0.6,1.1
2026-08-09,07:32:02,24,True,7.0107003,100.5030621,27.09,0,4,236.6,1.1,0.5,1
2026-08-09,07:32:03,24,True,7.0106946,100.5030534,27.13,0,4,237.3,1.1,0.5,1
2026-08-09,07:32:04,24,True,7.0106896,100.5030445,27.17,0,4,238.6,1.1,0.5,1
2026-08-09,07:32:05,24,True,7.0106844,100.5030356,27.24,0,4,239,1.1,0.5,0.9
2026-08-09,07:32:06,24,True,7.0106795,100.5030269,27.3,0,4.1,240.6,1.1,0.5,0.9
2026-08-09,07:32:07,24,True,7.0106736,100.5030177,27.37,0,4.1,236.6,1.1,0.5,1
2026-08-09,07:32:08,24,True,7.0106675,100.5030084,27.43,0,4.1,236.6,1.1,0.5,1
2026-08-09,07:32:09,24,True,7.0106626,100.5029983,27.49,0,4.1,241.8,1.1,0.5,1
2026-08-09,07:32:10,24,True,7.0106561,100.5029889,27.56,0,4.1,234.7,1.1,0.5,0.9
2026-08-09,07:32:11,24,True,7.0106502,100.5029801,27.61,0,4.2,235.1,1.1,0.5,0.9
2026-08-09,07:32:12,24,True,7.0106442,100.5029712,27.65,0,4.2,236.8,1.1,0.5,1
2026-08-09,07:32:13,24,True,7.0106378,100.5029615,27.72,0,4.2,237,1.1,0.5,1
2026-08-09,07:32:14,24,True,7.010632,100.5029539,27.77,0,4.3,233.7,1.1,0.5,1
2026-08-09,07:32:15,24,True,7.0106265,100.5029458,27.82,0,4.2,234.1,1.1,0.5,1
2026-08-09,07:32:16,24,True,7.0106208,100.5029374,27.85,0,4.3,232.1,1.1,0.5,1
2026-08-09,07:32:17,24,True,7.0106149,100.5029284,27.89,0,4.3,233.8,1.1,0.5,1
2026-08-09,07:32:18,24,True,7.0106087,100.5029202,27.92,0,4.2,230.4,1.1,0.5,1
2026-08-09,07:32:19,24,True,7.0106021,100.5029124,27.95,0,4.1,228,1.1,0.5,0.9
2026-08-09,07:32:20,24,True,7.0105961,100.5029044,27.96,0,4.1,232.1,1.1,0.5,0.9
2026-08-09,07:32:21,24,True,7.0105895,100.5028965,27.97,0,4.1,229.9,1.1,0.5,1
2026-08-09,07:32:22,24,True,7.010583,100.5028886,27.98,0,4.1,228.3,1.1,0.5,0.9
2026-08-09,07:32:23,24,True,7.0105771,100.5028807,27.99,0,4,229.5,1.1,0.5,0.9
2026-08-09,07:32:24,24,True,7.0105708,100.5028729,28,0,4,228.6,1.1,0.5,0.9
2026-08-09,07:32:25,24,True,7.0105646,100.5028641,28,0,4,233.2,1.1,0.5,0.9
2026-08-09,07:32:26,24,True,7.0105582,100.5028563,27.97,0,3.9,233.5,1.1,0.5,0.9
2026-08-09,07:32:27,24,True,7.0105515,100.5028486,27.93,0,4,228.4,1,0.5,0.9
2026-08-09,07:32:28,24,True,7.0105445,100.5028414,27.88,0,4.1,227.4,1,0.5,0.9
2026-08-09,07:32:29,24,True,7.0105374,100.5028336,27.85,0,4.1,229.4,1,0.5,0.9
2026-08-09,07:32:30,24,True,7.0105302,100.5028252,27.83,0,4.1,227.9,1,0.5,0.9
2026-08-09,07:32:31,24,True,7.0105226,100.5028175,27.81,0,4.1,224.3,1,0.5,0.9
2026-08-09,07:32:32,24,True,7.0105158,100.5028098,27.81,0,4.1,228.5,1,0.5,0.9
2026-08-09,07:32:33,24,True,7.0105094,100.5028025,27.8,0,4.1,228.8,1,0.5,0.9
2026-08-09,07:32:34,24,True,7.0105027,100.5027952,27.82,0,4.1,228.3,1,0.5,0.9
2026-08-09,07:32:35,24,True,7.0104958,100.5027872,27.87,0,4.1,227.7,1,0.5,0.9
2026-08-09,07:32:36,24,True,7.0104891,100.5027796,27.91,0,4.1,228.6,1,0.5,0.9
2026-08-09,07:32:37,24,True,7.010482,100.5027714,27.94,0,4.1,228.9,1,0.5,0.9
2026-08-09,07:32:38,24,True,7.010475,100.5027634,27.97,0,4.1,229.9,1,0.5,0.9
2026-08-09,07:32:39,24,True,7.010468,100.5027562,28.01,0,4.1,224,1,0.5,0.9
2026-08-09,07:32:40,24,True,7.0104612,100.5027489,28.05,0,4.1,224.8,1,0.5,0.9
2026-08-09,07:32:41,24,True,7.010455,100.502745,28.12,0,3.8,215.1,1,0.5,0.9
2026-08-09,07:32:42,24,True,7.0104504,100.5027428,28.19,0,4,205.2,1,0.5,0.9
2026-08-09,07:32:43,24,True,7.0104456,100.5027381,28.28,0,3.5,221.4,1,0.5,0.9
2026-08-09,07:32:44,24,True,7.0104402,100.5027326,28.38,0,3.9,221.6,1.1,0.5,0.9
2026-08-09,07:32:45,24,True,7.0104339,100.502727,28.48,0,3.9,222.6,1.1,0.5,0.9
2026-08-09,07:32:46,24,True,7.0104283,100.502722,28.58,0,3.2,222.6,1.1,0.5,0.9
2026-08-09,07:32:47,24,True,7.010426,100.5027178,28.67,0,2.7,234.9,1,0.5,0.9
2026-08-09,07:32:48,24,True,7.0104232,100.5027141,28.75,0,1.7,226.3,1,0.5,0.9
2026-08-09,07:32:49,24,True,7.0104208,100.5027126,28.82,0,0.9,222.4,1,0.5,0.9
2026-08-09,07:32:50,24,True,7.0104181,100.5027087,28.89,0,1.1,237.4,1,0.5,0.9
2026-08-09,07:32:51,24,True,7.0104146,100.5027034,28.97,0,2.8,229.6,1,0.5,0.9
2026-08-09,07:32:52,24,True,7.0104094,100.502697,29.04,0,2.7,224.3,1,0.5,0.9
2026-08-09,07:32:53,24,True,7.0104028,100.5026901,29.07,0,3.4,221.9,1,0.5,0.9
2026-08-09,07:32:54,24,True,7.0103956,100.5026826,29.09,0,3.7,224.5,1,0.5,0.9
2026-08-09,07:32:55,24,True,7.0103891,100.5026747,29.08,0,4,229.3,1,0.5,0.9
2026-08-09,07:32:56,24,True,7.0103829,100.5026683,29.03,0,2.8,223.2,1,0.5,0.9
2026-08-09,07:32:57,24,True,7.0103769,100.5026616,28.96,0,3.4,225.4,1,0.5,0.9
2026-08-09,07:32:58,24,True,7.0103706,100.502655,28.88,0,3.5,224.9,1,0.5,0.9
2026-08-09,07:32:59,24,True,7.0103637,100.5026484,28.8,0,3.6,223.5,1,0.5,0.9
2026-08-09,07:33:00,24,True,7.0103573,100.5026414,28.75,0,3.8,226.7,1,0.5,0.9
2026-08-09,07:33:01,24,True,7.0103497,100.5026333,28.7,0,3.8,224.3,1.1,0.6,1
2026-08-09,07:33:02,24,True,7.0103419,100.5026255,28.67,0,3.9,222.2,1,0.5,0.9
2026-08-09,07:33:03,24,True,7.0103348,100.502618,28.62,0,4,226,1.1,0.6,1
2026-08-09,07:33:04,24,True,7.0103286,100.5026115,28.56,0,4,225.4,1,0.5,0.9
2026-08-09,07:33:05,24,True,7.0103225,100.5026063,28.49,0,3.9,223.2,0.9,0.5,0.8
2026-08-09,07:33:06,24,True,7.0103164,100.5026002,28.4,0,3.9,223.4,1,0.5,0.8
2026-08-09,07:33:07,24,True,7.0103095,100.5025938,28.31,0,3.9,221.6,0.9,0.5,0.8
2026-08-09,07:33:08,24,True,7.0103018,100.5025872,28.22,0,3.9,219.4,1,0.5,0.8
2026-08-09,07:33:09,24,True,7.0102937,100.5025804,28.13,0,4,219.9,1,0.5,0.8
2026-08-09,07:33:10,24,True,7.0102865,100.5025727,28.06,0,4,227.4,1,0.5,0.8
2026-08-09,07:33:11,24,True,7.0102794,100.5025655,28.02,0,4,225.3,1,0.5,0.8
2026-08-09,07:33:12,24,True,7.0102729,100.5025586,27.99,0,3.9,222.6,1,0.5,0.9
2026-08-09,07:33:13,24,True,7.0102652,100.5025514,27.98,0,4,221.4,1.1,0.5,1
2026-08-09,07:33:14,24,True,7.0102578,100.5025449,27.96,0,3.9,221,1,0.5,0.8
2026-08-09,07:33:15,24,True,7.0102514,100.5025383,27.95,0,3.9,225.5,1,0.5,0.8
2026-08-09,07:33:16,24,True,7.0102443,100.5025323,27.92,0,3.8,222.8,1,0.5,0.8
2026-08-09,07:33:17,24,True,7.010237,100.5025256,27.9,0,3.9,221.2,1,0.5,0.8
2026-08-09,07:33:18,24,True,7.0102295,100.5025186,27.88,0,4,222.2,1,0.5,0.9
2026-08-09,07:33:19,24,True,7.0102218,100.5025125,27.87,0,3.9,219.5,1,0.5,0.9
2026-08-09,07:33:20,24,True,7.0102138,100.5025063,27.87,0,3.9,217.6,1,0.5,0.9
2026-08-09,07:33:21,24,True,7.0102056,100.5025002,27.86,0,3.9,218.3,1,0.5,0.9
2026-08-09,07:33:22,24,True,7.0101979,100.5024935,27.85,0,3.9,220.8,1,0.5,0.8
2026-08-09,07:33:23,24,True,7.0101909,100.5024876,27.84,0,3.9,219,1,0.5,0.8
2026-08-09,07:33:24,24,True,7.0101835,100.5024811,27.85,0,3.9,220.3,1,0.5,0.8
2026-08-09,07:33:25,24,True,7.0101763,100.5024741,27.85,0,3.9,223.2,1,0.5,0.8
2026-08-09,07:33:27,24,True,7.0101616,100.5024621,27.86,0,3.9,217.4,1,0.5,0.8
2026-08-09,07:33:28,24,True,7.0101547,100.5024564,27.86,0,3.8,219.7,1,0.5,0.8
2026-08-09,07:33:28,24,True,7.0101547,100.5024564,27.86,0,3.8,219.7,1,0.5,0.8
2026-08-09,07:33:29,24,True,7.0101472,100.5024509,27.87,0,3.8,216.5,1,0.5,0.8
2026-08-09,07:33:31,24,True,7.0101318,100.5024393,27.88,0,3.8,215.3,1,0.5,0.8
2026-08-09,07:33:32,24,True,7.0101239,100.5024342,27.88,0,3.8,214.2,1,0.5,0.8
2026-08-09,07:33:33,24,True,7.0101162,100.5024284,27.88,0,3.8,217.2,1,0.5,0.8
2026-08-09,07:33:34,24,True,7.0101078,100.502423,27.88,0,3.8,214.8,1,0.5,0.8
2026-08-09,07:33:35,24,True,7.0100996,100.5024171,27.88,0,3.8,215.6,1,0.5,0.8
2026-08-09,07:33:36,24,True,7.0100926,100.5024116,27.88,0,3.8,217.3,1,0.5,0.8
2026-08-09,07:33:37,24,True,7.0100849,100.5024049,27.88,0,3.8,218.5,1,0.5,0.8
2026-08-09,07:33:38,24,True,7.0100774,100.5023989,27.9,0,3.8,218.8,1,0.5,0.8
2026-08-09,07:33:39,24,True,7.0100695,100.502393,27.92,0,3.8,218.4,1,0.5,0.8
2026-08-09,07:33:40,24,True,7.0100627,100.5023876,27.93,0,3.8,218.5,1,0.5,0.8
2026-08-09,07:33:41,24,True,7.0100552,100.5023822,27.93,0,3.8,214.2,1,0.5,0.8
2026-08-09,07:33:42,24,True,7.0100477,100.5023764,27.94,0,3.8,217,1,0.5,0.8
2026-08-09,07:33:43,24,True,7.0100406,100.5023712,27.97,0,3.7,216.8,1,0.5,0.8
2026-08-09,07:33:44,24,True,7.0100323,100.5023661,27.99,0,3.8,213.5,1,0.5,0.8
2026-08-09,07:33:45,24,True,7.0100243,100.5023609,28,0,3.8,213.1,1,0.5,0.8
2026-08-09,07:33:46,24,True,7.0100158,100.502355,28,0,3.8,213.7,1,0.5,0.8
2026-08-09,07:33:47,24,True,7.0100079,100.502349,28.03,0,3.7,216.8,1,0.5,0.8
2026-08-09,07:33:48,24,True,7.0099994,100.5023434,28.05,0,3.8,214,1,0.5,0.8
2026-08-09,07:33:49,24,True,7.0099909,100.5023375,28.07,0,3.8,213.2,1,0.5,0.8
2026-08-09,07:33:50,24,True,7.0099818,100.5023319,28.09,0,3.9,210.4,1,0.5,0.8
2026-08-09,07:33:51,24,True,7.0099731,100.5023258,28.11,0,4,213.1,1,0.5,0.8
2026-08-09,07:33:52,24,True,7.0099641,100.5023199,28.12,0,4,212.1,1,0.5,0.8
2026-08-09,07:33:53,24,True,7.0099562,100.5023152,28.13,0,4,211.1,1,0.5,0.8
2026-08-09,07:33:54,24,True,7.0099482,100.5023101,28.12,0,4,209.9,1,0.5,0.8
2026-08-09,07:33:55,24,True,7.0099398,100.5023053,28.11,0,4,208.1,1,0.5,0.8
2026-08-09,07:33:56,24,True,7.0099317,100.5023005,28.13,0,3.9,208.3,1,0.5,0.8
2026-08-09,07:33:57,24,True,7.0099228,100.502296,28.12,0,4,206.4,1,0.5,0.8
2026-08-09,07:33:58,24,True,7.0099144,100.5022911,28.12,0,4,210.5,1,0.5,0.8
2026-08-09,07:33:59,24,True,7.0099055,100.5022865,28.12,0,3.9,207.6,1,0.5,0.8
2026-08-09,07:34:00,24,True,7.0098979,100.5022816,28.12,0,3.9,210.9,1,0.5,0.8
2026-08-09,07:34:01,24,True,7.0098899,100.5022772,28.1,0,3.8,208,1,0.5,0.8
2026-08-09,07:34:02,24,True,7.0098821,100.5022727,28.08,0,3.8,210.2,1,0.5,0.8
2026-08-09,07:34:03,24,True,7.0098729,100.502268,28.07,0,3.8,207,1,0.5,0.8
2026-08-09,07:34:04,24,True,7.009864,100.5022628,28.05,0,3.8,210.1,1,0.5,0.8
2026-08-09,07:34:05,24,True,7.0098552,100.5022564,28.03,0,3.8,212.8,1,0.5,0.8
2026-08-09,07:34:06,24,True,7.009846,100.5022516,28.02,0,3.8,204.3,1,0.5,0.8
2026-08-09,07:34:07,24,True,7.0098375,100.5022473,27.99,0,3.8,204.7,1,0.5,0.8
2026-08-09,07:34:08,24,True,7.0098287,100.5022431,27.95,0,3.8,205.3,1,0.5,0.8
2026-08-09,07:34:09,24,True,7.0098188,100.5022387,27.91,0,3.8,204.7,1,0.5,0.8
2026-08-09,07:34:10,24,True,7.0098097,100.5022341,27.88,0,3.9,204.7,1,0.5,0.8
2026-08-09,07:34:11,24,True,7.0098002,100.5022297,27.83,0,4,203.8,1,0.5,0.8
2026-08-09,07:34:12,24,True,7.0097905,100.5022251,27.8,0,4.1,204,1,0.5,0.9
2026-08-09,07:34:13,24,True,7.0097823,100.5022211,27.77,0,4.1,205.9,1,0.5,0.8
2026-08-09,07:34:14,24,True,7.0097737,100.5022164,27.76,0,4,202.4,1,0.5,0.8
2026-08-09,07:34:15,24,True,7.0097648,100.5022124,27.74,0,4,201.8,1,0.5,0.8
2026-08-09,07:34:16,24,True,7.0097555,100.502209,27.71,0,4,200.1,1,0.5,0.8
2026-08-09,07:34:17,24,True,7.0097452,100.502205,27.68,0,4.1,198.2,1,0.5,0.8
2026-08-09,07:34:18,24,True,7.0097353,100.5022011,27.64,0,4.1,199.1,1,0.5,0.8
2026-08-09,07:34:19,24,True,7.0097257,100.5021968,27.61,0,4.1,200.7,1,0.5,0.8
2026-08-09,07:34:20,24,True,7.0097157,100.5021934,27.58,0,4.2,196.8,1,0.5,0.8
2026-08-09,07:34:21,24,True,7.0097065,100.5021911,27.58,0,4.2,193.9,1,0.5,0.8
2026-08-09,07:34:22,24,True,7.0096972,100.502189,27.57,0,4.1,196.4,1,0.5,0.8
2026-08-09,07:34:23,24,True,7.0096872,100.502186,27.57,0,4.1,197.2,1,0.5,0.8
2026-08-09,07:34:24,24,True,7.0096761,100.5021837,27.58,0,4.2,191.3,1,0.5,0.8
2026-08-09,07:34:25,24,True,7.0096662,100.5021803,27.59,0,4.2,196.9,1,0.5,0.9
2026-08-09,07:34:26,24,True,7.0096566,100.5021764,27.58,0,4.1,199.3,1,0.5,0.9
2026-08-09,07:34:27,24,True,7.0096462,100.5021731,27.58,0,4.2,197.3,1,0.5,0.9
2026-08-09,07:34:28,24,True,7.009637,100.5021698,27.57,0,4.2,198.2,1.1,0.5,0.9
2026-08-09,07:34:29,24,True,7.0096286,100.5021675,27.58,0,4.2,195.3,1,0.5,0.9
2026-08-09,07:34:30,24,True,7.0096194,100.5021651,27.6,0,4.2,188.8,1,0.5,0.9
2026-08-09,07:34:31,24,True,7.0096093,100.5021612,27.61,0,4.2,198.9,1,0.5,0.9
2026-08-09,07:34:32,24,True,7.0095992,100.5021587,27.63,0,4.2,192.7,1,0.5,0.9
2026-08-09,07:34:33,24,True,7.0095907,100.5021561,27.61,0,3.9,196.5,1,0.5,0.9
2026-08-09,07:34:34,24,True,7.0095813,100.5021536,27.57,0,3.9,194.3,1,0.5,0.9
2026-08-09,07:34:35,24,True,7.0095721,100.502151,27.54,0,3.9,193.4,1,0.5,0.9
2026-08-09,07:34:36,24,True,7.0095615,100.5021489,27.52,0,3.9,192.4,1,0.5,0.9
2026-08-09,07:34:37,24,True,7.0095515,100.5021462,27.5,0,3.9,193,1,0.5,0.9
2026-08-09,07:34:38,24,True,7.0095415,100.5021423,27.47,0,3.9,196.4,1,0.5,0.9
2026-08-09,07:34:39,24,True,7.0095315,100.5021394,27.45,0,3.9,194.1,1,0.5,0.9
2026-08-09,07:34:40,24,True,7.0095211,100.5021372,27.45,0,4,191.1,1.1,0.5,0.9
2026-08-09,07:34:41,24,True,7.0095113,100.5021346,27.45,0,4.1,191.6,1,0.5,0.9
2026-08-09,07:34:42,24,True,7.0095015,100.5021327,27.46,0,4,189.1,1.1,0.5,0.9
2026-08-09,07:34:43,24,True,7.0094912,100.5021309,27.46,0,4.1,190.7,1.1,0.5,0.9
2026-08-09,07:34:44,24,True,7.009481,100.5021293,27.45,0,4,188.9,1.1,0.5,0.9
2026-08-09,07:34:45,24,True,7.0094704,100.5021271,27.44,0,4.1,190.7,1.1,0.5,0.9
2026-08-09,07:34:46,24,True,7.00946,100.5021246,27.43,0,4.1,192.8,1.1,0.5,0.9
2026-08-09,07:34:47,24,True,7.0094491,100.5021226,27.42,0,4.1,190,1,0.5,0.9
2026-08-09,07:34:48,24,True,7.0094382,100.5021195,27.41,0,4.1,192.4,1,0.5,0.9
2026-08-09,07:34:49,24,True,7.0094273,100.502117,27.39,0,4.1,192.8,1,0.5,0.9
2026-08-09,07:34:50,24,True,7.0094169,100.5021146,27.38,0,4.1,194.5,1,0.5,0.9
2026-08-09,07:34:51,24,True,7.0094061,100.5021132,27.37,0,4.1,185.5,1,0.5,0.9
2026-08-09,07:34:52,24,True,7.0093949,100.5021113,27.38,0,4.2,186.6,1,0.5,0.9
2026-08-09,07:34:53,24,True,7.0093846,100.5021091,27.4,0,4.1,188.5,1,0.5,0.9
2026-08-09,07:34:54,24,True,7.0093739,100.5021064,27.43,0,4.2,190.6,1,0.5,0.9
2026-08-09,07:34:55,24,True,7.0093637,100.5021046,27.48,0,4.2,186,1,0.5,0.9
2026-08-09,07:34:56,24,True,7.0093531,100.5021023,27.55,0,4.3,190.1,1,0.5,0.9
2026-08-09,07:34:57,24,True,7.0093429,100.502101,27.61,0,4.3,186.8,1.1,0.5,0.9
2026-08-09,07:34:58,24,True,7.0093323,100.502099,27.65,0,4.2,190.1,1,0.5,0.9
2026-08-09,07:34:59,24,True,7.0093221,100.5020972,27.69,0,4.2,188.9,1,0.5,0.9
2026-08-09,07:35:00,24,True,7.0093114,100.5020951,27.73,0,4.2,189.8,1,0.5,0.9
2026-08-09,07:35:01,24,True,7.0093001,100.5020927,27.79,0,4.3,190.7,1,0.5,0.9
2026-08-09,07:35:02,24,True,7.009289,100.5020907,27.84,0,4.3,189.7,1,0.5,0.9
2026-08-09,07:35:03,24,True,7.0092784,100.502089,27.88,0,4.3,189.9,1,0.5,0.9
2026-08-09,07:35:04,24,True,7.0092677,100.5020875,27.92,0,4.3,187.2,1,0.5,0.9
2026-08-09,07:35:05,24,True,7.0092566,100.5020861,27.96,0,4.3,186.4,1,0.5,0.9
2026-08-09,07:35:06,24,True,7.0092459,100.5020847,28,0,4.3,189.3,1,0.5,0.9
2026-08-09,07:35:07,24,True,7.0092367,100.5020829,28.03,0,4.3,188.7,1,0.5,0.9
2026-08-09,07:35:08,24,True,7.0092259,100.5020809,28.06,0,4.3,189.6,1,0.5,0.9
2026-08-09,07:35:09,24,True,7.0092151,100.5020784,28.07,0,4.3,191.2,1,0.5,0.9
2026-08-09,07:35:10,24,True,7.0092047,100.5020759,28.08,0,4.3,193.3,1.1,0.5,1
2026-08-09,07:35:11,24,True,7.0091938,100.5020742,28.08,0,4.3,189.4,1.1,0.5,1
2026-08-09,07:35:12,24,True,7.0091834,100.5020727,28.08,0,4.3,186.6,1.1,0.5,1
2026-08-09,07:35:13,24,True,7.009172,100.5020708,28.08,0,4.3,187.6,1.1,0.5,1
2026-08-09,07:35:14,24,True,7.0091613,100.5020693,28.08,0,4.3,187.7,1.1,0.5,1
2026-08-09,07:35:15,24,True,7.0091505,100.5020674,28.09,0,4.3,190.5,1.1,0.5,1
2026-08-09,07:35:16,24,True,7.0091398,100.5020649,28.09,0,4.3,191.7,1.1,0.5,1
2026-08-09,07:35:17,24,True,7.0091289,100.5020629,28.09,0,4.3,189.3,1.1,0.5,1
2026-08-09,07:35:18,24,True,7.009119,100.5020615,28.1,0,4.3,187.3,1.1,0.5,1
2026-08-09,07:35:19,24,True,7.0091084,100.5020596,28.11,0,4.3,189.8,1.1,0.5,1
2026-08-09,07:35:20,24,True,7.0090979,100.5020582,28.11,0,4.3,185.2,1.1,0.5,1
2026-08-09,07:35:21,24,True,7.0090879,100.5020566,28.1,0,4.3,187.7,1.1,0.5,1
2026-08-09,07:35:22,24,True,7.0090776,100.5020543,28.11,0,4.3,190.7,1.1,0.5,1
2026-08-09,07:35:23,24,True,7.0090685,100.5020521,28.13,0,4.2,190.1,1.1,0.5,1
2026-08-09,07:35:24,24,True,7.009059,100.5020503,28.13,0,4.2,187.9,1.1,0.5,1
2026-08-09,07:35:25,24,True,7.0090489,100.5020488,28.14,0,4.2,187.5,1.1,0.6,1
2026-08-09,07:35:26,24,True,7.0090378,100.5020467,28.16,0,4.2,190.7,1.1,0.5,1
2026-08-09,07:35:27,24,True,7.0090273,100.5020436,28.18,0,4.2,193.7,1.1,0.5,1
2026-08-09,07:35:28,24,True,7.0090177,100.5020416,28.19,0,4.1,193.4,1.1,0.5,1
2026-08-09,07:35:29,24,True,7.009009,100.5020403,28.2,0,4.1,188.6,1.1,0.5,1
2026-08-09,07:35:30,24,True,7.0090005,100.5020396,28.21,0,4.1,185.2,1.1,0.5,1
2026-08-09,07:35:31,24,True,7.0089902,100.5020376,28.22,0,4.1,190.2,1.1,0.5,1
2026-08-09,07:35:32,24,True,7.0089802,100.5020359,28.24,0,4.1,188.3,1.1,0.5,1
2026-08-09,07:35:33,24,True,7.008969,100.5020346,28.26,0,4.1,186.5,1.1,0.5,1
2026-08-09,07:35:34,24,True,7.008958,100.5020337,28.26,0,4.2,185,1.1,0.5,1
2026-08-09,07:35:35,24,True,7.0089489,100.5020313,28.26,0,4.2,193.4,1.1,0.5,1
2026-08-09,07:35:36,24,True,7.0089402,100.5020285,28.24,0,4.1,195.4,1.1,0.5,1
2026-08-09,07:35:37,24,True,7.0089309,100.5020258,28.24,0,4,195.4,1.2,0.5,1
2026-08-09,07:35:38,24,True,7.0089214,100.5020235,28.24,0,4,192.2,1.2,0.5,1
2026-08-09,07:35:39,24,True,7.0089109,100.5020221,28.25,0,4,186.6,1.1,0.5,1
2026-08-09,07:35:40,24,True,7.0089005,100.5020217,28.27,0,4.1,181.7,1.2,0.5,1
2026-08-09,07:35:41,24,True,7.0088917,100.5020237,28.3,0,4.1,163.4,1.2,0.5,1
2026-08-09,07:35:42,24,True,7.0088842,100.5020278,28.32,0,4,142.1,1.1,0.5,1
2026-08-09,07:35:43,24,True,7.0088794,100.5020354,28.32,0,4,121,1.1,0.5,1
2026-08-09,07:35:44,24,True,7.0088755,100.5020445,28.3,0,3.9,118.6,1.1,0.5,1
2026-08-09,07:35:45,24,True,7.008871,100.5020536,28.31,0,3.9,117.6,1.1,0.5,1
2026-08-09,07:35:46,24,True,7.0088654,100.5020632,28.33,0,4.1,122.9,1.1,0.5,1
2026-08-09,07:35:47,24,True,7.0088582,100.5020719,28.34,0,4.1,129.6,1,0.5,0.9
2026-08-09,07:35:48,24,True,7.0088519,100.502078,28.34,0,4.1,140.9,1,0.5,0.9
2026-08-09,07:35:49,24,True,7.0088439,100.5020843,28.32,0,4,142.6,1,0.5,0.9
2026-08-09,07:35:50,24,True,7.0088354,100.5020903,28.3,0,4,144.5,1,0.5,0.9
2026-08-09,07:35:51,24,True,7.008827,100.5020971,28.28,0,4,142.3,1,0.5,0.9
2026-08-09,07:35:52,24,True,7.0088186,100.5021028,28.26,0,4.1,146.2,1,0.5,0.9
2026-08-09,07:35:53,24,True,7.008811,100.5021077,28.23,0,4.1,147.3,1,0.5,0.9
2026-08-09,07:35:54,24,True,7.0088029,100.5021137,28.2,0,4.1,142.5,1,0.5,0.9
2026-08-09,07:35:55,24,True,7.0087948,100.5021197,28.15,0,4.1,142.8,1,0.5,0.9
2026-08-09,07:35:56,24,True,7.0087862,100.5021252,28.11,0,4.2,146.7,1,0.5,0.9
2026-08-09,07:35:57,24,True,7.008778,100.5021301,28.08,0,4.2,145.5,1,0.5,0.9
2026-08-09,07:35:58,24,True,7.0087692,100.5021359,28.05,0,4.1,142.9,1,0.5,0.9
2026-08-09,07:35:59,24,True,7.0087606,100.502141,28.02,0,4.1,147,1,0.5,0.9
2026-08-09,07:36:00,24,True,7.008753,100.5021469,27.99,0,4.1,141.9,1,0.5,0.9
2026-08-09,07:36:01,24,True,7.0087449,100.5021534,27.97,0,4.1,141.2,1,0.5,0.9
2026-08-09,07:36:02,24,True,7.008737,100.5021595,27.96,0,4,141.2,1,0.5,0.9
2026-08-09,07:36:04,24,True,7.0087222,100.5021736,27.91,0,4,133.8,1,0.5,0.9
2026-08-09,07:36:04,24,True,7.0087222,100.5021736,27.91,0,4,133.8,1,0.5,0.9
2026-08-09,07:36:06,24,True,7.008712,100.5021886,27.84,0,4,125,1,0.5,0.9
2026-08-09,07:36:06,24,True,7.008712,100.5021886,27.84,0,4,125,1,0.5,0.9
2026-08-09,07:36:08,24,True,7.0087026,100.5022058,27.77,0,4,118,1,0.5,0.9
2026-08-09,07:36:09,24,True,7.0086972,100.5022154,27.75,0,4,116.6,1,0.5,0.9
2026-08-09,07:36:10,24,True,7.0086924,100.5022241,27.74,0,3.9,118.8,1,0.5,0.9
2026-08-09,07:36:11,24,True,7.0086882,100.5022331,27.73,0,3.9,117.6,1,0.5,0.9
2026-08-09,07:36:12,24,True,7.0086835,100.5022424,27.73,0,3.9,117.4,1,0.5,0.9
2026-08-09,07:36:13,24,True,7.00868,100.5022525,27.74,0,4,116.6,1,0.5,0.9
2026-08-09,07:36:14,24,True,7.0086753,100.5022627,27.74,0,4,117.4,1,0.5,0.9
2026-08-09,07:36:15,24,True,7.0086711,100.5022723,27.74,0,4,118.7,1,0.5,0.9
2026-08-09,07:36:16,24,True,7.0086657,100.5022823,27.73,0,4,120.1,1,0.5,0.9
2026-08-09,07:36:17,24,True,7.0086598,100.5022917,27.75,0,4.1,120.5,1.1,0.6,0.9
2026-08-09,07:36:18,24,True,7.0086539,100.5023015,27.77,0,4.1,121.2,1.1,0.6,1
2026-08-09,07:36:19,24,True,7.0086493,100.5023106,27.81,0,4.1,115.6,1.1,0.5,0.9
2026-08-09,07:36:20,24,True,7.0086447,100.5023208,27.83,0,4.1,115.3,1,0.5,0.9
2026-08-09,07:36:21,24,True,7.0086411,100.5023317,27.86,0,4.2,112.8,1.1,0.6,0.9
2026-08-09,07:36:22,24,True,7.0086362,100.5023431,27.9,0,4.2,117.2,1.1,0.6,0.9
2026-08-09,07:36:23,24,True,7.0086304,100.5023537,27.97,0,4.2,118.5,1.1,0.6,1
2026-08-09,07:36:24,24,True,7.008626,100.5023617,27.98,0,4.1,121.3,1.1,0.5,0.9
2026-08-09,07:36:25,24,True,7.0086211,100.5023702,27.99,0,4.2,120.8,1.1,0.5,0.9
2026-08-09,07:36:26,24,True,7.008617,100.5023798,27.97,0,4.1,116.2,1.1,0.5,0.9
2026-08-09,07:36:27,24,True,7.0086122,100.5023908,27.94,0,4.2,113.8,1,0.5,0.9
2026-08-09,07:36:28,24,True,7.008606,100.502401,27.9,0,4.3,118.3,1.1,0.5,0.9
2026-08-09,07:36:29,24,True,7.0085996,100.5024111,27.86,0,4.3,122.1,1,0.5,0.9
2026-08-09,07:36:30,24,True,7.0085936,100.5024206,27.82,0,4.4,122,1.1,0.5,0.9
2026-08-09,07:36:31,24,True,7.0085867,100.50243,27.76,0,4.4,127.5,1.1,0.5,0.9
2026-08-09,07:36:32,24,True,7.0085785,100.5024381,27.71,0,4.4,132.4,1,0.5,0.9
2026-08-09,07:36:33,24,True,7.0085701,100.502446,27.66,0,4.4,134.9,1.1,0.5,0.9
2026-08-09,07:36:34,24,True,7.0085621,100.5024543,27.63,0,4.5,134.9,1,0.5,0.9
2026-08-09,07:36:35,24,True,7.0085542,100.5024613,27.6,0,4.5,141.4,1,0.5,0.9
2026-08-09,07:36:36,24,True,7.0085461,100.5024671,27.57,0,4.5,142,1,0.5,0.9
2026-08-09,07:36:37,24,True,7.0085374,100.5024722,27.53,0,4.5,146.2,1,0.5,0.9
2026-08-09,07:36:38,24,True,7.0085273,100.5024762,27.5,0,4.5,153.5,1,0.5,0.9
2026-08-09,07:36:39,24,True,7.0085171,100.5024788,27.47,0,4.5,164.2,1,0.5,0.9
2026-08-09,07:36:40,24,True,7.0085067,100.50248,27.42,0,4.4,170.8,1,0.5,0.9
2026-08-09,07:36:41,24,True,7.008496,100.5024803,27.38,0,4.4,173.9,1,0.5,0.9
2026-08-09,07:36:42,24,True,7.0084858,100.502481,27.35,0,4.3,173.5,1,0.5,0.9
2026-08-09,07:36:43,24,True,7.0084761,100.5024801,27.35,0,4.3,177.1,1,0.5,0.9
2026-08-09,07:36:44,24,True,7.0084673,100.5024791,27.33,0,4.2,179.2,1,0.5,0.9
2026-08-09,07:36:45,24,True,7.0084573,100.5024774,27.32,0,4.1,184.4,1,0.5,0.9
2026-08-09,07:36:46,24,True,7.008447,100.5024748,27.3,0,4.1,186.2,1,0.5,0.9
2026-08-09,07:36:47,24,True,7.0084371,100.5024739,27.3,0,4.1,181.3,1.1,0.6,0.9
2026-08-09,07:36:48,24,True,7.0084272,100.502472,27.31,0,4.1,183.2,1.1,0.6,0.9
2026-08-09,07:36:49,24,True,7.0084167,100.5024709,27.36,0,4,179.9,1.1,0.5,0.9
2026-08-09,07:36:50,24,True,7.008406,100.5024685,27.42,0,4,183.3,1,0.5,0.9
2026-08-09,07:36:51,24,True,7.0083954,100.5024678,27.47,0,4,186,1,0.5,0.9
2026-08-09,07:36:52,24,True,7.0083853,100.5024673,27.53,0,4,181.8,1,0.5,0.9
2026-08-09,07:36:53,24,True,7.0083754,100.5024677,27.6,0,4.1,177.4,1.1,0.6,0.9
2026-08-09,07:36:54,24,True,7.0083651,100.5024671,27.7,0,4.2,180.7,1.1,0.6,0.9
2026-08-09,07:36:55,24,True,7.008355,100.5024672,27.79,0,4.2,176.3,1,0.5,0.9
2026-08-09,07:36:56,24,True,7.0083443,100.502466,27.9,0,4.2,180.5,1.1,0.6,1
2026-08-09,07:36:57,24,True,7.0083339,100.5024649,28.04,0,4.2,182.4,1.1,0.6,1
2026-08-09,07:36:58,24,True,7.0083226,100.502464,28.2,0,4.2,180.4,1.1,0.6,0.9
2026-08-09,07:36:59,24,True,7.0083124,100.5024637,28.37,0,4.3,177.1,1,0.5,0.9
2026-08-09,07:37:00,24,True,7.0083007,100.5024631,28.54,0,4.4,178.3,1,0.5,0.9
2026-08-09,07:37:01,24,True,7.0082896,100.5024619,28.7,0,4.4,183.4,1,0.5,0.9
2026-08-09,07:37:02,24,True,7.0082804,100.50246,28.84,0,4.4,182.6,1.1,0.5,0.9
2026-08-09,07:37:03,24,True,7.0082694,100.5024597,29,0,4.4,178,1,0.5,0.9
2026-08-09,07:37:04,24,True,7.0082592,100.5024591,29.16,0,4.5,178.9,1,0.5,0.9
2026-08-09,07:37:05,24,True,7.0082488,100.5024585,29.3,0,4.5,184.2,1.1,0.6,0.9
2026-08-09,07:37:06,24,True,7.0082384,100.5024583,29.41,0,4.5,181.2,1,0.5,0.9
2026-08-09,07:37:07,24,True,7.0082284,100.5024575,29.47,0,4.4,184.9,1,0.5,0.9
2026-08-09,07:37:08,24,True,7.0082192,100.5024588,29.5,0,4.4,172,1,0.5,0.9
2026-08-09,07:37:09,24,True,7.00821,100.5024636,29.5,0,4.3,157.9,1.1,0.6,0.9
2026-08-09,07:37:10,24,True,7.0082027,100.50247,29.51,0,4.3,138.2,1,0.5,0.9
2026-08-09,07:37:11,24,True,7.0081968,100.5024793,29.55,0,4.3,116.4,1.1,0.6,1
2026-08-09,07:37:12,24,True,7.0081934,100.5024896,29.61,0,4.2,102.4,1.1,0.6,1
2026-08-09,07:37:13,24,True,7.0081918,100.5025005,29.68,0,4.3,94.8,1.1,0.6,1
2026-08-09,07:37:14,24,True,7.0081896,100.5025102,29.76,0,4.2,95.1,1.1,0.5,1
2026-08-09,07:37:15,24,True,7.0081901,100.5025196,29.86,0,4.1,89.5,1.2,0.6,1.1
2026-08-09,07:37:16,24,True,7.008189,100.5025301,29.96,0,4.1,94.3,1.1,0.6,1
2026-08-09,07:37:17,24,True,7.0081877,100.5025407,30.01,0,4.1,98.2,1.1,0.6,1
2026-08-09,07:37:18,24,True,7.0081866,100.5025522,30.04,0,4.1,94.6,1.1,0.6,1
2026-08-09,07:37:19,24,True,7.0081865,100.502563,30.07,0,4.1,93.2,1.1,0.6,1
2026-08-09,07:37:20,24,True,7.0081871,100.5025746,30.07,0,4.1,90.3,1.1,0.5,0.9
2026-08-09,07:37:21,24,True,7.0081861,100.5025849,30.07,0,4.1,97.9,1.1,0.6,0.9
2026-08-09,07:37:22,24,True,7.0081861,100.5025957,30.07,0,4.2,93.7,1.2,0.6,1
2026-08-09,07:37:23,24,True,7.0081853,100.5026067,30.06,0,4.2,93.1,1.1,0.5,0.9
2026-08-09,07:37:24,24,True,7.0081839,100.5026177,30.03,0,4.2,93.3,1.1,0.5,0.9
2026-08-09,07:37:25,24,True,7.0081814,100.5026286,29.99,0,4.3,98.6,1.2,0.6,1
2026-08-09,07:37:26,24,True,7.0081792,100.5026397,29.92,0,4.4,97.4,1.2,0.6,1
2026-08-09,07:37:27,24,True,7.0081779,100.5026516,29.87,0,4.4,96.3,1.1,0.6,1
2026-08-09,07:37:28,24,True,7.0081772,100.5026621,29.82,0,4.4,95.2,1.2,0.6,1
2026-08-09,07:37:29,24,True,7.008177,100.5026726,29.77,0,4.4,91.7,1.2,0.6,1.1
2026-08-09,07:37:30,24,True,7.0081761,100.5026836,29.72,0,4.4,95.2,1.3,0.6,1.1
2026-08-09,07:37:31,24,True,7.0081744,100.5026956,29.65,0,4.6,96.1,1.2,0.6,1
2026-08-09,07:37:32,24,True,7.0081737,100.5027074,29.61,0,4.5,92.4,1.2,0.6,1
2026-08-09,07:37:33,24,True,7.0081724,100.5027194,29.58,0,4.6,95.7,1.2,0.6,1
2026-08-09,07:37:34,24,True,7.0081708,100.5027303,29.55,0,4.5,97.3,1.3,0.6,1.1
2026-08-09,07:37:35,24,True,7.00817,100.5027412,29.52,0,4.6,94.1,1.3,0.6,1.1
2026-08-09,07:37:36,24,True,7.0081698,100.5027509,29.47,0,4.3,95.6,1.3,0.6,1.1
2026-08-09,07:37:37,24,True,7.0081695,100.5027618,29.41,0,4.4,91.8,1,0.5,0.9
2026-08-09,07:37:38,24,True,7.008169,100.5027732,29.35,0,4.4,92.9,1.2,0.6,1
2026-08-09,07:37:39,24,True,7.0081682,100.5027851,29.3,0,4.4,93.7,1.2,0.6,1
2026-08-09,07:37:40,24,True,7.0081663,100.502796,29.28,0,4.4,96.4,1.2,0.6,1
2026-08-09,07:37:41,24,True,7.0081649,100.5028055,29.27,0,4.4,95.2,1.2,0.6,1
2026-08-09,07:37:42,24,True,7.0081642,100.5028088,29.24,0,4.4,103.8,1,0.5,0.9
2026-08-09,07:37:43,24,True,7.0081647,100.5028084,29.24,0,0,103.8,1.2,0.6,1
2026-08-09,07:37:44,24,True,7.0081648,100.5028084,29.21,0,0,103.8,1.2,0.6,1
2026-08-09,07:37:45,24,True,7.0081649,100.5028086,29.18,0,0,103.8,1.1,0.5,0.9
2026-08-09,07:37:46,24,True,7.008165,100.5028088,29.14,0,0.3,103.8,1.1,0.5,0.9
2026-08-09,07:37:47,24,True,7.008165,100.5028088,29.13,0,0,103.8,1.1,0.5,0.9
2026-08-09,07:37:48,24,True,7.008165,100.5028088,29.12,0,0,103.8,1.1,0.5,0.9
